age,monthly_income,employment_years,credit_score,loan_amount,debt_to_income,missed_payments,previous_default,loan_purpose,default
42,82776,10.8,603,577575,0.12,1,0,personal,0
36,110831,3.4,676,601940,0.47,0,0,personal,0
44,77607,19.9,545,342950,0.51,0,0,vehicle,0
53,101303,16.9,661,606301,0.29,2,0,home,0
35,42351,8.7,822,92822,0.25,0,1,personal,0
35,134936,4.7,747,1312250,0.06,0,0,business,0
53,120080,16.1,800,445431,0.15,1,0,business,0
45,76561,11.3,693,186736,0.32,0,0,business,0
33,172445,2.6,759,1472161,0.35,3,0,home,0
43,200970,5.2,598,1957319,0.56,1,1,business,1
33,49567,9.6,605,502525,0.25,0,0,education,0
33,78885,4.1,427,547075,0.65,1,0,personal,1
40,78607,5.7,761,318648,0.23,0,0,home,0
21,71561,0.5,791,670689,0.06,1,0,medical,0
21,189370,0.7,613,1703787,0.24,1,0,home,0
32,107866,2.3,638,481374,0.4,0,0,business,0
27,103753,3.9,596,1144819,0.15,1,0,business,0
41,39860,4.9,693,121322,0.1,0,0,education,0
28,170200,1.4,756,2012935,0.18,1,0,business,0
23,60697,0.6,512,643539,0.26,1,0,medical,1
52,124021,23.5,695,1101181,0.14,1,1,personal,0
35,139777,3.5,636,1591710,0.11,2,0,education,0
38,253624,3.3,670,2339202,0.11,1,1,home,0
23,58419,1.4,699,228101,0.66,0,0,personal,0
32,25000,8.9,644,160539,0.09,1,0,education,1
39,132769,6.3,651,360472,0.34,0,0,business,0
26,323039,2.7,642,1904823,0.66,0,0,home,0
41,237202,3.7,742,2233501,0.44,1,0,personal,0
31,134667,5.1,696,789746,0.11,0,0,medical,0
35,91569,8.3,679,485585,0.57,3,0,personal,0
31,187056,6,552,1487761,0.09,1,0,business,0
56,70249,13.8,628,753213,0.18,0,0,home,0
37,155943,6.3,736,386089,0.22,2,1,education,0
27,158460,1.6,663,927736,0.12,0,0,personal,0
46,214993,10.6,716,770193,0.29,0,0,vehicle,0
25,547468,1.1,810,3000000,0.15,1,0,education,0
40,148907,13.7,748,455245,0.65,1,0,business,0
21,90700,0.8,668,784381,0.21,0,0,education,0
24,118324,3.3,617,575269,0.4,2,0,business,0
39,45354,14.4,443,180925,0.56,0,0,education,1
45,81892,14.3,646,930582,0.35,2,0,medical,1
39,95812,12.2,632,209373,0.64,0,0,vehicle,0
36,89949,5.6,693,573674,0.43,0,0,home,0
34,130489,8.3,647,289199,0.32,0,0,education,0
23,76337,1.4,633,521834,0.23,1,0,business,0
30,222307,4.9,509,1558477,0.08,1,0,business,1
33,120014,8.8,580,626068,0.25,0,0,business,0
48,119388,9.7,701,396561,0.14,0,0,personal,0
41,100198,7.8,806,577529,0.49,0,0,business,0
21,130692,0.8,652,1139978,0.14,0,1,vehicle,0
41,188915,4,688,1855893,0.28,0,0,medical,0
34,74483,6.9,741,544285,0.39,1,1,medical,0
31,83557,8.7,591,659962,0.13,2,1,home,0
44,101539,13.9,691,406782,0.29,1,0,personal,0
48,57241,14.9,597,278953,0.19,1,0,home,0
47,76470,8.8,734,276742,0.36,0,0,education,0
29,92349,3.5,673,414920,0.1,0,0,education,0
34,194106,10.5,685,824731,0.64,3,0,vehicle,0
41,138643,11.4,593,997465,0.31,0,0,education,1
47,133482,13.8,720,1018052,0.57,3,1,home,1
33,191615,2.9,837,2193891,0.44,0,0,home,0
36,111268,2.6,574,440144,0.17,1,0,business,0
26,148747,4.9,631,1251967,0.4,1,0,business,0
26,113377,2.5,680,1153338,0.52,1,0,business,1
46,138857,14.9,727,1055648,0.46,1,0,personal,1
51,87093,6.4,612,396276,0.31,1,0,home,0
37,31379,10.7,419,145144,0.16,2,1,personal,1
48,111457,22.5,776,266664,0.37,1,0,personal,0
41,262435,11.6,725,1326463,0.36,0,0,business,0
31,199719,2.6,512,1886553,0.21,0,0,medical,1
41,204069,11.7,608,505107,0.12,1,0,personal,0
53,236835,22.7,793,993038,0.32,0,0,personal,0
37,125996,7.4,783,1141817,0.14,2,0,medical,0
53,133756,25.3,740,1314355,0.21,2,0,personal,0
21,85437,0.6,645,559884,0.38,1,0,business,0
46,100852,20.3,667,905726,0.13,1,0,personal,0
38,168370,10.6,649,989935,0.09,1,1,education,0
35,232672,3.6,756,837417,0.07,1,0,medical,0
38,111141,6.6,586,664789,0.35,0,0,education,0
21,93680,0.3,592,730674,0.36,0,0,personal,0
35,120035,11.8,746,1378066,0.22,1,0,home,0
41,167027,14.3,656,448887,0.44,0,0,personal,0
52,54237,20,777,383669,0.24,0,0,personal,0
32,33940,4.3,603,179515,0.24,1,0,vehicle,1
29,88650,2.5,655,627918,0.22,1,0,personal,0
32,61320,8.2,582,137342,0.06,0,1,business,0
47,90741,13,661,465524,0.18,1,0,personal,0
41,110632,6.5,534,1128301,0.07,0,0,medical,0
32,93523,7,619,705109,0.19,0,0,medical,0
43,266760,4.1,538,1735494,0.4,0,0,vehicle,1
38,143624,6.8,719,697331,0.05,1,1,education,0
47,141564,12.9,721,705049,0.18,1,0,education,0
30,168967,2.5,513,985249,0.18,0,0,home,0
34,64144,11.7,773,664256,0.37,0,1,personal,0
34,212513,4.1,850,2480480,0.15,1,0,home,0
23,115102,0.7,664,735105,0.42,0,0,personal,0
40,173514,5.8,606,1029550,0.16,1,0,home,0
40,66551,13.8,850,696490,0.43,1,0,medical,0
38,51056,8.1,548,320073,0.41,0,0,personal,0
35,188167,8.2,662,1415050,0.27,2,0,business,0
23,147602,0.5,675,636079,0.23,1,0,personal,1
33,73066,2.3,774,689380,0.1,1,0,personal,0
34,74379,6.5,691,544446,0.27,1,0,home,0
29,222846,6.5,618,2248593,0.44,0,0,education,0
36,62384,12.3,579,611820,0.12,0,0,business,0
42,296178,4.6,631,1229153,0.44,0,0,personal,0
56,73124,19,574,669549,0.48,0,0,education,0
39,170478,15,664,1704873,0.15,0,0,home,0
40,100158,8.4,612,546970,0.27,1,0,education,0
37,167209,12.4,533,623036,0.61,1,0,home,1
21,88964,0.2,767,180270,0.18,4,1,personal,0
37,109723,13.7,618,714191,0.42,2,0,personal,0
38,122731,12.2,552,678006,0.15,0,1,home,0
62,69151,34,646,522028,0.24,0,0,personal,0
36,180358,10,666,699863,0.16,1,0,personal,0
41,90489,8.5,512,958881,0.23,1,0,education,1
37,105822,13.7,688,484406,0.37,1,0,business,0
26,69449,2.1,571,296151,0.27,1,0,vehicle,0
49,29318,11.1,805,199572,0.27,0,0,personal,0
45,108032,16,705,754983,0.15,0,0,personal,0
45,452338,17.1,626,1877588,0.54,0,0,business,0
28,184754,6.4,597,871782,0.53,0,0,personal,0
52,118736,9.4,651,438973,0.36,1,0,medical,0
23,103845,2.1,712,953775,0.65,1,0,personal,0
43,121492,15.3,658,1178581,0.39,0,0,vehicle,0
59,162131,7.6,642,1073840,0.04,1,0,vehicle,0
28,62680,3.4,665,572950,0.1,0,1,personal,0
32,221488,4.2,609,2072985,0.18,0,0,business,1
38,177852,6.5,631,601630,0.38,0,0,vehicle,0
32,178126,10.1,483,2077266,0.07,0,1,business,1
22,152727,1.2,743,1559391,0.28,0,0,personal,0
38,121302,11.7,685,490647,0.41,0,0,education,0
27,173741,5.8,594,670927,0.2,1,0,medical,0
42,166166,9.1,821,541138,0.3,0,0,business,0
28,98768,5.7,667,334210,0.34,2,0,personal,0
53,87533,15,572,829954,0.36,1,0,business,1
30,126914,7.6,733,849885,0.22,0,0,home,0
34,281309,3.9,694,2765082,0.44,2,0,personal,0
46,60702,21.1,694,574396,0.2,1,0,personal,0
25,53536,1.5,624,430757,0.28,0,0,business,0
40,131382,7.6,698,1164526,0.26,0,0,home,0
51,123406,21.1,638,269464,0.23,0,0,business,0
21,132004,0.4,707,675567,0.31,1,1,personal,1
39,137231,10.9,498,1149752,0.5,1,0,vehicle,1
40,106137,9.2,623,222192,0.07,0,1,personal,0
45,272303,16.7,806,634403,0.24,1,0,education,0
25,49749,1.5,595,523304,0.1,0,0,home,0
24,76083,0.8,609,672593,0.07,0,0,vehicle,0
43,113375,8.3,622,527613,0.16,1,0,education,0
40,48606,9.6,557,431603,0.53,0,1,medical,1
40,108937,5.4,472,1081153,0.32,1,0,home,1
41,299256,8.4,640,1516612,0.21,0,0,personal,0
31,121386,4.7,672,286516,0.18,0,0,personal,0
40,136234,3.8,656,1543230,0.34,1,0,home,1
40,60003,11.2,648,327124,0.26,1,0,personal,0
30,85498,7.7,664,262036,0.22,0,1,medical,0
56,97625,9.2,747,675425,0.09,0,0,education,0
42,100761,12.5,644,975838,0.14,0,1,education,0
26,242838,3.7,611,1023920,0.5,1,0,medical,0
44,163077,10.6,636,765630,0.3,1,0,business,0
28,65117,5.1,709,288283,0.14,0,0,personal,0
45,137424,10.9,780,1637645,0.33,0,0,business,0
49,157829,14.6,607,627218,0.43,3,0,business,0
29,224657,1.4,668,1742260,0.18,1,0,home,0
47,286228,17.1,689,3000000,0.24,2,0,business,0
42,68662,13.5,576,238186,0.25,0,0,home,0
46,76824,4.6,662,899497,0.13,1,0,home,0
56,60089,14.7,535,689508,0.31,0,0,personal,1
35,105507,12.5,510,1144299,0.14,2,0,vehicle,1
30,155087,4.4,691,642923,0.07,0,0,personal,0
29,206547,4.5,627,1722716,0.14,1,0,business,0
29,115090,7.1,677,1105890,0.3,0,0,vehicle,0
37,100643,11.1,658,1193654,0.14,1,0,home,0
41,130446,11.7,577,496248,0.24,1,0,home,0
40,75805,14.2,656,732296,0.27,2,0,home,0
46,378698,19.6,555,2040429,0.1,2,0,education,0
38,49565,8.5,778,186179,0.67,1,0,vehicle,0
52,132834,15.4,545,825400,0.21,0,0,education,0
35,365211,6.3,643,3000000,0.42,1,0,medical,0
65,120450,37.2,571,800812,0.24,1,0,education,1
44,108091,15.3,708,797196,0.41,0,0,personal,0
29,98583,1.9,632,1178224,0.37,0,0,personal,0
27,108666,5.3,616,651028,0.27,1,0,education,0
42,255330,10.7,733,2081963,0.08,1,0,personal,0
35,35551,3,663,200950,0.54,0,0,personal,0
45,278908,13.4,704,1653327,0.14,0,0,medical,0
42,54834,9.7,577,491116,0.1,1,0,medical,0
37,103631,13,541,1179204,0.39,1,0,medical,1
29,94766,2.6,669,703504,0.3,0,0,business,0
22,165869,1.5,633,1606275,0.24,0,0,personal,0
33,49825,7,713,144097,0.18,2,0,home,0
46,154731,4.9,653,636189,0.49,1,1,home,1
40,365352,16.6,677,2565252,0.11,0,0,personal,0
25,56698,2.5,522,124742,0.28,0,0,business,0
39,133197,6.7,821,603189,0.1,1,0,education,0
41,83379,10.1,646,598162,0.38,0,0,business,0
29,151673,6.8,719,326038,0.65,0,0,business,0
39,121270,6.9,589,563355,0.34,0,0,education,0
38,84325,5.1,686,602106,0.14,0,0,vehicle,0
26,156933,1.4,549,1213326,0.41,0,0,education,1
41,323721,7.5,698,3000000,0.19,0,0,personal,0
43,108039,16,630,913303,0.17,1,0,business,0
48,178281,13.4,662,1095957,0.24,0,0,medical,0
48,58921,8.7,719,666014,0.07,0,0,vehicle,0
24,70913,1.1,555,698410,0.55,1,0,education,1
28,155604,3.1,602,622430,0.27,0,0,personal,0
43,271444,18.6,699,898052,0.28,2,0,vehicle,0
43,145923,9,838,1278011,0.5,0,0,medical,0
43,101019,19.4,648,767626,0.51,0,0,education,0
70,119953,24.5,710,1187143,0.18,1,0,personal,0
43,60326,6.3,651,566344,0.29,1,0,personal,0
49,167331,22.4,825,1380835,0.15,0,0,business,0
47,194956,12.8,511,2312923,0.45,1,0,home,0
44,93582,15.5,668,686508,0.54,0,0,education,0
34,92663,11.7,522,290133,0.07,0,0,education,0
45,138896,4.6,447,1428231,0.56,0,0,personal,0
30,94377,2.2,685,426446,0.12,1,0,home,0
35,115714,9.8,672,1130875,0.2,1,0,education,1
33,380825,4.5,636,3000000,0.09,0,0,medical,0
38,104755,5,651,939438,0.33,3,0,business,0
61,98534,7.3,850,784360,0.12,0,0,education,0
21,84044,0.2,638,555015,0.22,2,0,medical,1
44,180693,16.6,703,1019849,0.22,0,0,home,0
21,108616,0.2,605,600652,0.05,1,0,education,0
33,83960,6.2,685,702219,0.34,0,0,business,0
48,248194,16.1,640,2361003,0.04,0,0,medical,0
38,261981,8.1,625,2301548,0.2,1,0,personal,0
27,86251,1.2,815,343633,0.4,0,0,personal,0
30,42987,7,760,298324,0.42,2,0,education,0
44,208852,3.8,672,2071060,0.21,0,0,medical,0
30,82347,6.8,464,556422,0.12,1,0,personal,1
40,185367,15.5,629,1365456,0.31,0,0,home,0
38,40607,8.2,850,394349,0.34,0,0,vehicle,0
31,196060,5.8,640,1688597,0.38,1,0,vehicle,0
59,61642,18.9,754,375612,0.25,0,0,business,0
44,179363,10.1,783,1964765,0.41,0,0,education,0
21,120946,0.8,679,438510,0.22,0,0,business,0
39,71010,14.7,588,848936,0.21,2,1,business,1
31,95930,4.2,453,305875,0.21,0,0,vehicle,0
46,175032,15.1,718,376231,0.31,0,0,vehicle,0
30,127197,8,591,1386471,0.25,1,0,business,0
36,165491,13.2,675,736358,0.51,0,0,medical,0
43,355859,11.6,554,3000000,0.49,0,0,medical,1
46,50763,12.1,637,513222,0.29,0,0,home,0
25,292060,1.7,663,3000000,0.06,0,0,personal,0
34,127089,11.5,683,1514385,0.55,0,0,vehicle,0
33,73197,3.2,565,361622,0.37,0,1,business,1
31,57732,6.1,762,525502,0.08,0,0,business,0
55,108145,12.2,609,341089,0.4,1,0,business,0
42,199218,7.6,518,1208873,0.07,0,0,home,0
25,111870,2.2,651,1172366,0.08,2,0,education,1
47,275511,22.9,663,1563960,0.23,1,0,home,0
59,54020,7.4,674,427350,0.78,2,0,home,0
48,119205,15.5,776,838933,0.14,0,0,personal,0
22,60260,0.4,640,509770,0.54,0,0,home,0
33,146568,3.4,650,1719088,0.41,1,0,education,0
50,195445,13.7,566,499822,0.14,1,0,personal,0
30,95209,5.1,730,736881,0.32,0,0,personal,0
42,28651,7.3,676,304568,0.56,1,0,education,0
45,133876,9.3,624,912208,0.36,0,0,education,0
28,152581,1.7,498,424980,0.09,0,0,personal,0
37,149883,6.2,783,1139919,0.06,1,0,business,0
21,236790,0.8,556,1259898,0.43,1,0,education,1
27,66581,5.7,610,236324,0.17,2,0,home,0
35,174445,5.8,690,1829988,0.25,0,0,business,0
25,231220,2.7,558,1668482,0.19,0,1,business,1
54,45117,26.7,533,511300,0.21,1,0,home,0
23,143065,0.5,479,1439258,0.21,0,0,personal,0
33,90939,9.3,721,812060,0.15,0,0,personal,0
39,114738,15.5,614,235242,0.37,1,0,vehicle,0
52,145287,6.8,850,912146,0.41,0,0,business,0
23,91791,0.8,575,364857,0.15,0,0,business,1
49,82752,23.9,582,919207,0.16,0,0,personal,0
38,122275,9.5,612,458023,0.47,0,0,medical,0
28,65990,1.3,681,320751,0.15,0,0,education,0
42,66042,7.3,620,473413,0.35,2,0,business,0
39,174364,8.8,712,807939,0.51,0,0,education,0
31,63794,7,577,261469,0.12,1,0,home,0
38,173116,11.9,543,1383369,0.17,0,1,business,1
34,154766,11.9,507,447165,0.18,2,1,vehicle,1
39,46446,6.7,471,119909,0.22,2,1,business,1
44,82668,12.6,616,473064,0.29,1,0,vehicle,0
53,231424,17.3,634,2130639,0.18,0,0,personal,0
25,69955,2.2,606,528025,0.33,0,0,home,1
59,92951,10.5,766,578970,0.37,1,0,personal,0
21,154721,0.8,764,1184778,0.75,0,0,personal,0
36,184630,12,632,1043993,0.48,0,0,business,0
43,104496,11.5,508,1187227,0.36,0,0,education,1
40,86389,11.4,612,220210,0.26,2,0,home,1
31,262380,3.4,609,2291605,0.23,2,0,personal,0
35,312276,8,604,3000000,0.45,1,1,medical,1
33,205586,8.3,601,2063846,0.21,0,0,home,0
32,125765,6.1,604,482989,0.21,0,0,home,0
46,76934,21.9,627,381536,0.15,1,0,home,0
41,76001,12.1,606,696966,0.22,1,0,home,0
31,159952,4.5,678,454696,0.13,0,0,medical,0
46,151050,18,691,1528417,0.27,0,1,vehicle,0
41,259400,5.7,583,2383645,0.22,0,1,personal,1
46,171613,10.9,768,1595326,0.28,0,1,personal,0
44,52499,9.4,577,157624,0.26,1,0,medical,0
29,214019,4.1,522,1964182,0.38,1,0,personal,0
32,69308,8.4,692,609784,0.28,1,0,medical,0
45,97155,12.2,591,1001593,0.33,2,0,business,0
44,137703,16.9,687,332685,0.34,0,0,vehicle,0
37,359642,9.4,456,802400,0.31,2,0,business,1
39,600000,7.4,778,3000000,0.32,0,0,home,0
50,167535,21.5,717,584342,0.23,0,0,business,0
32,108498,3.8,532,822832,0.53,1,0,business,1
43,161011,7.1,534,1799055,0.31,0,0,personal,0
35,195528,7.5,802,1156508,0.07,1,1,home,0
35,100597,5,597,1051189,0.14,0,0,personal,0
48,322099,4.4,589,644974,0.31,0,1,education,1
46,136187,15.7,467,501869,0.24,0,0,education,1
46,157788,13.2,630,363581,0.27,0,0,education,0
51,173079,14.3,641,914112,0.06,0,0,medical,0
38,151315,14.9,721,1676857,0.33,0,0,personal,0
44,190358,13.2,541,565272,0.08,1,0,home,1
34,85456,10.6,531,689126,0.51,0,0,home,1
41,88272,5.2,698,575088,0.18,0,0,vehicle,0
36,65523,8.8,746,745959,0.3,1,0,business,0
38,152813,13.6,526,492851,0.14,0,0,home,0
43,184179,12.8,752,758869,0.04,1,0,home,0
29,154357,5.9,663,354314,0.13,0,0,business,0
58,301407,15.6,753,1910725,0.22,1,0,education,0
27,119631,1.5,654,571636,0.06,1,0,business,0
25,173348,2.4,446,1854661,0.65,1,0,vehicle,1
49,65829,12.4,647,529884,0.26,1,0,medical,1
45,96988,18.9,750,789570,0.17,0,0,personal,0
44,175921,7.7,584,1287585,0.43,1,0,medical,0
44,191425,19.8,627,558675,0.22,0,0,medical,0
37,102085,14,645,658467,0.37,0,0,personal,0
29,115366,2.9,414,1383821,0.12,1,0,vehicle,1
38,52074,7.1,802,539085,0.44,3,0,business,0
31,98605,8.5,583,1078205,0.14,1,0,education,0
47,195821,22.3,703,2003692,0.26,2,0,personal,0
36,164655,7.4,653,498973,0.25,1,0,vehicle,1
29,158042,3.4,767,675548,0.49,0,0,vehicle,0
34,123330,7.3,695,250510,0.29,0,0,personal,0
42,120467,13.9,640,606564,0.31,4,0,business,1
32,83456,4.1,584,257551,0.41,1,0,business,0
29,176240,6,728,1185731,0.13,1,0,vehicle,0
40,151264,3.7,501,1326778,0.21,0,0,home,1
40,157292,3.7,715,1690111,0.43,0,0,business,0
32,89853,5,567,852900,0.34,0,0,vehicle,0
33,36714,5.2,766,418020,0.23,1,0,business,0
40,219406,7.4,674,557068,0.39,0,0,personal,0
23,92216,1.5,715,195664,0.18,1,0,personal,0
23,74662,1.1,667,643092,0.18,0,0,business,0
30,175722,2.8,511,859900,0.16,1,0,education,1
35,96726,5.5,587,438653,0.33,1,0,business,0
41,214961,17.5,717,1141200,0.17,0,0,medical,0
52,168485,14,674,791536,0.5,1,0,home,0
46,174767,12,760,1243356,0.75,2,0,business,0
36,56612,8.9,694,362401,0.15,0,0,vehicle,0
37,233705,14.3,578,1664981,0.23,0,0,home,0
27,138543,2.2,592,1209084,0.38,0,0,education,1
37,97943,10.7,669,575053,0.33,0,0,education,0
35,129847,9.8,463,586009,0.21,1,0,business,1
41,45176,12.1,802,165435,0.33,0,0,vehicle,0
29,150243,1.9,698,825546,0.37,0,0,education,0
43,68125,14.3,764,641606,0.38,0,0,home,0
53,57027,6.4,526,545580,0.52,1,0,vehicle,1
36,51945,9.1,766,450314,0.39,0,0,personal,0
42,221289,14.7,850,960457,0.22,0,0,home,0
44,84893,7.1,548,669030,0.15,1,0,vehicle,1
33,278953,9.6,726,2149862,0.22,1,1,personal,0
40,89371,3.4,660,611536,0.31,2,0,education,0
38,46920,13.3,529,351890,0.08,2,0,personal,0
38,64936,8.5,702,449221,0.25,0,0,vehicle,0
30,236793,3,731,1812547,0.6,1,0,home,0
38,110140,4.4,609,1008338,0.77,1,0,personal,1
42,88760,18,759,274826,0.31,1,1,vehicle,0
52,131040,6.4,518,1244390,0.08,1,0,personal,1
47,158139,7.8,533,531167,0.35,1,0,business,1
59,221863,15.3,672,591549,0.07,0,0,education,0
30,266178,5.8,662,3000000,0.21,1,0,medical,0
46,98457,13.8,599,1139139,0.32,0,1,education,0
39,57868,4.5,729,150709,0.37,0,0,vehicle,0
59,95592,13.8,705,614899,0.52,2,0,home,0
29,138469,2.9,733,534830,0.08,0,0,home,0
29,70628,2.7,650,484045,0.27,0,1,personal,0
32,70885,5.3,711,730241,0.19,0,0,medical,0
21,144977,0.6,622,1668122,0.06,0,0,home,0
32,116832,3.6,835,974674,0.41,0,0,business,0
30,122184,4.1,591,676784,0.64,0,0,medical,0
39,79069,8,839,635181,0.34,0,0,personal,0
41,105718,17.5,663,541278,0.3,0,0,personal,0
56,72180,29.5,543,801071,0.68,3,0,home,1
47,195801,19.2,776,2095855,0.02,0,1,business,0
32,212062,3.8,671,1607921,0.34,1,0,personal,0
29,43471,1.8,732,228135,0.22,1,0,vehicle,0
42,71971,8.2,764,355097,0.35,2,0,home,0
24,52689,1.3,689,122986,0.29,1,0,personal,0
56,83930,18.1,610,852578,0.29,1,0,home,0
49,114618,20.1,743,745456,0.16,1,0,home,0
33,54065,9.8,660,283913,0.51,0,1,personal,0
21,72274,0.7,718,485038,0.54,1,0,business,0
51,69083,12.5,477,703775,0.35,1,0,medical,1
36,134490,10.1,698,436574,0.18,2,0,business,0
50,124665,11.1,606,1318527,0.47,0,0,education,0
22,80684,0.4,801,885514,0.53,0,0,personal,0
32,132257,7.7,713,1516601,0.43,1,0,business,0
38,88838,2.8,680,530796,0.43,0,0,medical,0
38,103346,7.9,701,431098,0.2,1,0,education,0
33,301235,4.9,575,1728007,0.44,0,0,personal,0
44,250822,15.2,798,1336661,0.15,0,0,business,0
27,58717,4.8,829,220866,0.5,0,0,personal,0
36,189397,5.8,693,1528939,0.22,1,0,personal,0
39,187496,13.6,795,1268643,0.09,1,1,vehicle,0
43,63812,8.2,612,680045,0.57,0,0,vehicle,0
45,188259,11.6,592,436967,0.44,1,1,education,1
26,279598,4,663,2359438,0.36,1,0,business,0
22,64721,1.3,697,623230,0.33,0,0,personal,0
50,72448,25.2,627,695129,0.21,1,0,medical,0
41,210021,6.5,706,2280983,0.41,0,1,business,0
30,139326,6.1,686,1294386,0.15,0,1,business,0
53,162520,19,575,1832917,0.11,1,0,medical,0
39,144722,15,704,770871,0.5,1,0,vehicle,0
49,148766,7.5,733,1046137,0.43,0,0,vehicle,0
38,57855,12.2,675,123856,0.49,0,0,business,0
58,213474,20.8,758,441801,0.61,2,1,home,0
55,228324,12,557,1004915,0.14,1,0,business,1
35,105776,7.2,700,318182,0.36,2,0,home,0
47,117165,10.4,561,539207,0.25,1,0,personal,1
44,51696,13.3,565,194916,0.39,1,0,personal,1
51,159227,23.9,606,363866,0.21,0,0,home,0
28,164371,4.4,580,1823374,0.47,1,0,business,0
44,115965,14.2,613,241466,0.44,0,0,home,0
48,222713,14.4,642,2084777,0.35,0,0,vehicle,0
21,99858,0.2,731,351648,0.05,0,0,education,0
26,163698,1.9,633,1820698,0.24,0,0,education,0
21,68489,0.5,525,748445,0.6,1,0,personal,1
35,118456,5.5,757,1011497,0.39,1,0,personal,0
45,109027,6.9,589,950971,0.51,0,0,vehicle,1
53,135831,16.6,655,278914,0.06,0,0,home,0
38,97930,6.8,698,1160345,0.05,0,0,home,0
54,111629,11.2,677,1203174,0.25,1,0,home,0
24,189013,1.9,753,2069893,0.36,0,0,vehicle,0
21,94375,0.2,701,810912,0.39,0,0,personal,0
37,49594,13.6,587,270182,0.22,1,1,personal,1
41,314116,15.9,845,3000000,0.27,0,0,business,0
37,256542,11,677,1260947,0.09,1,0,personal,0
21,58953,0.2,647,449641,0.31,2,0,home,0
37,175358,11.8,742,525602,0.12,0,0,business,0
24,91000,2.9,681,1020980,0.43,1,0,business,0
44,138713,16.5,694,472693,0.27,2,0,personal,0
41,141078,4.8,850,599436,0.42,1,0,home,0
28,105485,4.8,637,799718,0.19,0,0,personal,0
32,77978,8.8,633,751780,0.3,1,0,personal,0
27,82080,3.9,670,672524,0.19,1,0,business,0
37,72500,10.2,751,313297,0.16,1,0,personal,0
47,75943,12.7,532,152602,0.23,1,0,business,0
28,115647,4.2,493,1106916,0.16,2,0,home,1
43,80949,4,610,959413,0.44,5,0,personal,1
32,174621,7.2,521,1763520,0.27,0,0,vehicle,0
30,271912,2.1,624,1795181,0.23,0,0,home,0
36,87223,7.3,703,962739,0.29,1,0,personal,1
27,136888,2.5,584,834808,0.21,1,0,personal,1
32,157956,6.4,539,1145077,0.25,0,1,home,1
26,155570,1.5,666,1053411,0.39,2,1,home,1
57,125119,23.5,733,810301,0.26,2,0,personal,0
38,180543,12.7,516,1760639,0.25,0,0,business,0
31,156449,2.9,730,1137023,0.46,0,0,vehicle,0
40,60751,4.5,729,313911,0.11,0,0,personal,0
36,193548,4,741,886756,0.19,0,0,education,0
35,195489,11.5,764,464770,0.22,0,0,vehicle,0
44,78861,12.5,847,617636,0.56,0,0,business,0
45,122530,11.9,630,526832,0.29,1,0,vehicle,0
32,174744,2.7,669,608343,0.24,1,0,education,0
32,106951,7.3,625,913180,0.09,2,0,personal,0
35,216508,11.4,660,1907889,0.18,3,0,home,0
21,440373,0.7,790,3000000,0.39,0,0,personal,0
22,77882,1.2,546,547960,0.15,0,0,business,0
51,56144,6.3,587,614246,0.34,0,0,education,1
54,141825,7.8,777,1611618,0.52,0,0,business,0
35,178458,2.8,747,1797734,0.24,0,0,personal,0
43,105691,7.6,629,883147,0.2,1,0,education,0
41,266876,5.1,733,1344310,0.08,2,0,personal,0
68,57470,15.9,689,679838,0.3,0,0,personal,0
49,175668,12.2,788,832906,0.35,0,0,vehicle,0
36,85993,13,666,346257,0.11,2,0,business,0
28,308941,4.6,747,1983877,0.05,2,0,vehicle,0
21,359019,0.7,850,922106,0.3,1,0,business,0
40,78715,12.9,711,927652,0.23,0,1,personal,0
30,88698,2.3,664,699325,0.5,1,0,personal,0
23,192533,2,721,1457383,0.1,0,0,business,0
31,96986,3.8,629,830003,0.51,0,0,education,0
27,117040,4.2,850,815796,0.3,2,0,home,0
54,121687,13.2,675,282391,0.27,0,0,home,0
46,41749,22.1,637,339132,0.46,0,0,vehicle,0
37,119090,5.7,589,1091071,0.49,1,0,home,1
52,82117,11.1,753,506456,0.22,2,0,vehicle,0
38,91494,14.4,734,875868,0.36,0,0,home,0
29,265467,1.5,618,1133548,0.25,0,0,vehicle,0
53,60124,21,709,253288,0.11,0,0,personal,0
43,187683,15.1,532,678318,0.33,1,0,personal,1
27,102931,5.1,676,588760,0.24,1,0,business,1
36,102886,13.3,698,1077229,0.45,1,0,medical,0
29,185341,7.5,805,1905142,0.35,0,0,business,0
24,144679,0.8,594,843224,0.26,1,0,education,0
47,164240,19.6,551,1296049,0.24,2,1,personal,1
57,204383,22.3,584,1881992,0.45,0,0,personal,0
24,100010,2.4,546,441251,0.18,0,0,business,1
43,85692,5.5,774,315467,0.58,0,0,medical,0
31,66066,6.7,792,774357,0.24,0,0,medical,0
33,76212,10.9,687,623077,0.24,2,0,business,0
32,600000,9.5,764,3000000,0.27,2,0,home,0
29,237951,4.1,671,1279596,0.17,0,0,personal,0
38,57077,3.2,652,515423,0.14,0,0,business,0
29,57982,3.6,632,245034,0.05,1,0,personal,0
40,156416,14.6,634,721391,0.39,1,0,medical,0
37,162144,10.9,528,1154307,0.45,1,0,personal,1
35,162289,7.1,682,843283,0.5,2,0,business,0
28,104299,1.5,657,383426,0.51,2,0,personal,1
32,111999,5.4,723,518422,0.13,0,1,business,0
45,143714,12,668,338803,0.18,0,0,home,0
43,125805,18.4,646,1137810,0.29,2,0,business,0
28,35406,4.8,586,245051,0.2,1,0,vehicle,0
38,105753,6.6,666,311171,0.42,1,0,personal,0
45,75130,12.9,723,279254,0.47,0,1,business,0
21,132139,0.2,563,399766,0.14,0,0,business,0
43,600000,19.1,667,3000000,0.04,0,0,education,0
31,146879,4.4,680,432133,0.48,0,1,business,0
43,100993,11.1,599,963758,0.43,0,0,personal,0
30,199235,4,610,439335,0.12,0,0,personal,0
21,156487,0.6,680,703215,0.16,0,0,vehicle,0
21,151191,0.6,564,1648990,0.07,1,0,vehicle,1
38,167546,11.7,690,1538962,0.39,0,0,personal,0
40,371887,6.8,584,1015134,0.3,2,0,business,0
28,64425,3,750,657860,0.5,0,0,home,0
44,155709,5.7,850,1079118,0.43,2,0,home,0
21,72095,0.6,587,754678,0.26,1,0,home,0
37,162882,3,705,1304261,0.11,0,0,medical,0
25,72401,2.8,598,638456,0.06,0,0,vehicle,0
31,95387,8.3,748,1138445,0.1,1,0,vehicle,0
38,102022,13.9,552,441077,0.18,0,0,business,0
29,205242,4.2,701,1691082,0.22,0,0,education,0
34,198868,6.6,586,1313168,0.2,0,0,personal,0
48,60482,5.7,642,144825,0.48,0,0,personal,0
32,123681,7.4,572,265259,0.37,1,0,education,1
46,81225,18.8,730,259293,0.55,1,0,personal,0
26,60058,1.9,589,509948,0.19,0,0,personal,0
43,106499,10.2,707,817021,0.36,0,0,home,0
52,101274,23.6,631,763028,0.55,0,0,business,0
21,455860,0.8,650,1056942,0.54,0,0,vehicle,0
30,152265,3.2,673,1019114,0.03,1,0,personal,0
43,56250,12.3,595,632600,0.16,0,0,business,0
35,87959,4.3,678,525636,0.06,0,1,personal,0
41,210451,4.6,790,1736058,0.3,0,0,personal,0
31,378469,8.7,594,3000000,0.37,2,0,vehicle,0
38,50159,13,760,493527,0.2,0,0,education,0
36,42672,10.9,787,306931,0.44,1,0,vehicle,0
49,335802,5.3,591,3000000,0.23,0,1,business,0
40,148678,14.8,536,879249,0.15,0,0,medical,1
41,74435,9.6,686,810369,0.27,3,1,personal,1
33,161021,5.1,613,708858,0.07,0,0,home,0
33,28158,6.9,819,135219,0.37,0,0,home,0
33,120223,2.8,663,304309,0.57,0,0,vehicle,0
41,143709,14.3,592,1430741,0.47,2,0,personal,1
33,199505,7.3,562,1231056,0.39,0,0,home,0
40,68707,5.6,753,294833,0.42,0,0,business,0
58,125791,10.7,611,543153,0.25,1,0,business,0
46,72133,7.3,664,794473,0.4,0,0,business,0
34,138097,2.7,741,1427808,0.19,0,0,vehicle,0
50,73336,16.8,619,552609,0.23,0,0,personal,0
33,95874,9.6,656,782438,0.37,4,0,vehicle,1
21,69394,0.2,659,467941,0.24,1,0,business,0
27,171677,1.3,718,1015755,0.28,1,0,personal,0
21,192412,0.6,710,2146311,0.2,1,0,business,0
34,105473,10.1,641,343433,0.46,0,0,personal,1
38,122550,6.8,665,757907,0.31,2,0,home,0
54,54096,13.4,628,294586,0.47,0,0,business,0
41,101765,11.9,534,710473,0.12,2,1,medical,1
35,116732,5.1,682,767667,0.18,1,0,education,0
46,507211,4.4,821,3000000,0.3,0,0,personal,0
21,65099,0.7,585,221284,0.41,1,0,personal,1
40,268483,11.8,594,1914664,0.24,0,0,personal,0
45,207631,13.9,586,918599,0.58,0,0,vehicle,0
23,140028,2,722,538172,0.13,0,0,home,0
49,315681,18.1,698,836031,0.3,0,0,home,0
41,147253,6.2,647,1417535,0.53,0,0,personal,0
33,148640,5.2,582,932630,0.6,0,0,medical,0
44,116545,5.7,668,963412,0.23,0,0,business,0
60,235204,9.6,527,2181737,0.08,0,0,personal,0
39,219324,11.8,672,1928552,0.27,0,0,business,0
40,85061,15,734,570335,0.11,1,0,business,0
33,58085,10.7,554,341481,0.26,0,0,business,0
29,107324,5.3,530,618143,0.29,3,0,business,1
46,77283,7.3,794,649215,0.17,1,0,business,0
29,115880,2,608,805128,0.34,0,0,business,1
38,237005,12.9,757,2486496,0.35,0,0,home,0
33,93315,7.2,647,1002858,0.33,0,0,education,0
42,117207,12.8,646,434323,0.36,0,1,business,0
41,123891,14.6,697,416563,0.26,1,0,personal,0
48,191355,18,585,1589014,0.25,0,0,education,0
32,34873,8.8,671,174792,0.23,0,0,business,0
35,85954,2.8,628,187870,0.29,0,0,home,0
28,134787,5.4,548,1467349,0.14,0,0,education,0
33,232185,9.7,689,991200,0.37,3,0,education,0
41,91556,7.4,638,1033924,0.3,0,0,home,0
45,42751,15,647,392212,0.2,0,0,personal,0
28,168736,3,557,1624343,0.15,0,0,medical,1
46,84609,21.3,795,339673,0.08,0,0,vehicle,0
51,62376,5.4,735,270833,0.25,1,0,home,0
42,85123,12.2,742,613965,0.22,0,0,home,0
56,108419,9.6,634,403427,0.52,2,0,business,0
30,86046,6.5,513,434904,0.15,1,0,personal,1
25,35674,1.4,826,186027,0.19,0,0,business,0
21,196542,0.3,655,706824,0.07,0,0,home,1
52,241936,15.9,596,980283,0.32,0,0,home,0
44,171714,19,695,1697482,0.19,1,0,personal,0
37,64185,5.1,759,235685,0.34,2,0,vehicle,0
40,107412,5,658,245391,0.25,1,0,vehicle,0
26,119570,4.1,769,991660,0.38,0,0,business,0
62,166806,21,752,1961610,0.43,1,0,education,0
39,173309,15,569,920641,0.17,0,1,personal,0
39,80134,4.8,603,255352,0.29,1,0,home,0
45,125536,15.1,741,967113,0.17,1,0,home,0
42,154315,6.9,429,1707271,0.56,0,0,personal,1
40,267253,5.2,647,2629935,0.33,0,1,medical,0
30,176791,6.3,538,1454134,0.17,0,0,vehicle,1
42,185207,12.4,619,953921,0.26,1,0,medical,0
56,125662,24.4,635,932261,0.2,0,0,home,0
51,260667,11.4,630,759179,0.52,0,0,medical,0
53,150334,15.3,613,1321354,0.1,0,0,personal,0
32,74731,5.2,567,691334,0.32,0,0,medical,0
28,259653,6.7,850,3000000,0.37,1,0,personal,0
36,176150,5.7,819,810990,0.45,1,0,vehicle,0
38,94049,6.4,561,205456,0.07,0,0,medical,0
48,92183,11.1,794,687324,0.44,1,1,home,0
21,141261,0.5,626,1280941,0.26,1,0,personal,0
53,154817,10.8,671,1533319,0.1,0,0,personal,0
36,133754,12.7,655,526642,0.19,1,0,business,0
33,142410,4.4,604,657582,0.29,1,0,home,0
27,305658,5.4,744,2178091,0.35,1,0,personal,0
21,216338,0.2,671,1147891,0.28,3,0,home,0
46,133265,15.8,619,1413291,0.38,0,0,personal,0
38,201384,14.1,549,1356845,0.32,0,0,home,0
25,68007,1.3,584,679783,0.53,0,0,vehicle,0
25,149359,4.1,520,1165926,0.27,0,0,education,1
34,324605,6.5,661,3000000,0.51,0,1,business,0
54,106438,27.6,558,566966,0.14,0,0,home,0
35,75286,9.4,637,776512,0.19,1,0,medical,0
22,83834,0.7,776,397853,0.2,1,0,home,1
35,65904,4.2,762,491709,0.5,0,0,education,0
35,77935,5.4,657,322656,0.11,0,0,personal,0
21,97877,0.2,653,661185,0.26,0,0,home,0
37,55392,4.3,820,287028,0.02,1,0,personal,0
35,121035,3.3,704,564874,0.26,0,0,personal,0
44,197106,10.7,632,2300197,0.18,1,0,personal,0
56,72837,25.4,539,262267,0.04,1,1,home,1
49,276745,7.2,693,2732375,0.36,2,0,medical,0
35,158924,3.6,730,1881922,0.41,0,0,home,0
26,211518,3.6,606,465131,0.32,0,0,vehicle,1
63,83570,12.4,685,751317,0.09,1,0,vehicle,0
38,191997,3.9,629,869577,0.38,0,0,home,0
38,65820,4.8,644,158289,0.33,1,0,business,0
37,195807,13.5,449,1180500,0.2,0,0,business,1
39,131895,13.8,641,1497296,0.47,1,0,home,0
36,162679,6.4,742,344497,0.19,0,0,medical,0
32,62860,7.3,606,495265,0.2,2,1,personal,1
32,73347,6.3,664,514453,0.32,1,0,education,1
37,166662,10.6,596,1788924,0.35,0,0,personal,0
32,71229,7.5,691,202292,0.28,0,0,vehicle,0
30,154819,5.9,642,1364770,0.46,0,0,personal,0
39,56575,6.4,580,497922,0.06,2,0,business,0
35,191328,2.7,773,1662793,0.65,2,0,medical,0
53,60923,15.5,739,695944,0.67,1,0,medical,0
21,162594,0.8,609,1663479,0.36,1,0,vehicle,0
48,169286,15.4,702,409626,0.33,1,0,home,0
50,81799,22,706,548939,0.21,1,0,home,0
21,165274,0.8,715,988261,0.13,2,0,medical,0
34,138481,3.7,516,706457,0.44,0,0,medical,0
34,89222,8.9,746,581136,0.16,2,0,personal,0
23,68909,1.9,612,402562,0.14,1,0,business,0
30,40774,8.4,630,257828,0.65,0,0,medical,0
26,145445,5,850,1715177,0.11,0,0,business,0
55,50747,22.1,686,146473,0.16,1,0,education,0
47,126461,8.7,627,1419184,0.31,1,0,personal,1
50,103813,21.3,473,706174,0.23,2,0,business,1
45,174342,5.6,778,1436129,0.44,0,0,education,0
26,101633,4.2,546,1047006,0.22,3,0,personal,1
32,100113,9.4,575,561096,0.18,1,0,personal,0
42,179472,9.2,632,1131431,0.05,0,0,business,0
25,144283,3,780,879432,0.39,1,0,medical,0
45,142790,11.3,726,820658,0.56,0,0,business,0
35,155336,6.8,647,1748352,0.36,0,0,education,0
34,51569,5.1,686,530609,0.44,1,0,home,0
45,181949,17.1,609,562222,0.05,0,1,business,1
42,168065,17.7,672,517848,0.3,2,0,vehicle,0
34,68602,11.3,666,430731,0.18,0,0,business,0
49,104925,7.9,742,313366,0.53,1,0,personal,0
27,117434,5.3,742,961894,0.78,0,1,personal,0
44,111444,16,702,383024,0.1,0,0,vehicle,0
43,144188,7.5,629,1041576,0.28,0,1,home,1
34,263682,2.8,723,546402,0.5,0,0,vehicle,0
41,217558,7.1,652,1123897,0.04,0,0,vehicle,0
25,58310,3.9,568,511490,0.13,1,0,business,0
47,168955,16,626,1155718,0.54,1,0,home,1
36,249237,10.5,667,2936684,0.56,1,0,business,1
32,148448,4,737,1594486,0.08,0,0,personal,0
48,218663,18.3,644,1222481,0.34,1,0,medical,0
30,362941,1.7,557,890971,0.23,0,0,business,0
23,210720,1.2,665,2203344,0.16,2,0,personal,0
22,137636,1.2,670,1529458,0.42,3,0,business,1
44,213213,6.1,676,2176110,0.12,0,0,personal,0
25,129954,3.6,738,426184,0.11,0,0,business,0
55,121588,11,747,1456521,0.26,1,0,personal,0
21,98910,0.6,609,453586,0.33,0,0,business,0
54,283545,14.7,608,2620537,0.51,1,0,education,0
40,76505,11.3,572,847702,0.16,1,0,personal,0
37,278744,3.8,719,1214452,0.16,0,0,education,0
32,157972,1.9,783,1750738,0.21,1,0,home,0
41,55583,16.5,633,283185,0.2,0,0,vehicle,0
37,146892,5.8,639,1728057,0.38,0,0,business,0
49,37806,21,785,181945,0.31,0,0,personal,0
39,169274,16.1,703,1952467,0.09,2,0,business,0
39,195267,5.7,697,495089,0.31,1,0,business,0
34,86634,4.7,559,787739,0.11,3,0,business,0
37,128438,10.4,718,940309,0.42,0,1,vehicle,0
41,351524,17.3,581,2382901,0.05,0,0,business,0
21,90861,0.8,564,384791,0.52,1,0,vehicle,0
24,67027,2,631,606994,0.11,1,0,vehicle,0
45,271078,17.7,610,1059399,0.34,0,0,home,0
39,353158,4.7,641,2658721,0.38,1,0,personal,0
36,120244,13.3,538,545000,0.12,0,0,personal,0
38,209306,14.9,741,2418785,0.4,0,0,home,0
41,250962,5.6,756,573777,0.38,1,0,business,0
32,79768,4.3,494,318855,0.15,1,0,home,0
30,91888,2.2,743,406430,0.48,0,0,personal,0
39,236151,6.5,591,1450127,0.25,1,0,personal,0
28,303157,5.8,733,1311852,0.08,0,0,education,0
42,163543,9.1,654,1130653,0.18,0,0,business,0
21,73965,0.2,662,793249,0.22,1,0,vehicle,0
48,357944,10.9,644,3000000,0.14,1,0,business,0
42,89609,18.4,763,698916,0.09,0,0,personal,0
40,99800,11.8,555,288425,0.2,0,0,business,0
47,144861,11.9,712,1295046,0.35,1,0,personal,0
54,282105,9.1,754,1033673,0.37,0,0,vehicle,0
48,191939,23.5,721,1893224,0.14,3,0,education,0
21,150757,0.7,850,678492,0.11,0,0,business,0
25,154826,1.7,615,955352,0.2,1,1,home,0
31,122907,2.2,741,676566,0.27,0,1,education,0
38,163117,3.4,651,1727105,0.09,1,0,home,0
43,29851,5.4,765,97477,0.22,0,0,personal,0
30,101937,5.6,659,780475,0.25,0,0,business,0
39,137033,15.2,627,468737,0.29,1,0,home,0
30,63716,5,771,576500,0.25,2,0,personal,0
31,148409,8.1,618,1640035,0.59,0,0,personal,0
23,107236,1.4,540,680528,0.42,0,0,education,1
28,315136,5.2,616,2168426,0.71,1,0,personal,0
24,285047,2.6,713,3000000,0.11,1,0,personal,0
28,92879,2.2,778,669650,0.08,0,0,medical,0
48,110446,11.3,669,759425,0.27,0,0,education,0
28,115217,4.8,772,896767,0.13,1,0,business,0
64,93605,8.8,545,832363,0.33,0,0,personal,0
42,133587,8.9,622,409956,0.19,1,0,personal,0
39,79078,10,635,807474,0.08,1,0,personal,0
29,64435,7.6,650,409488,0.36,1,1,business,1
45,169014,12.1,667,460307,0.61,0,0,medical,0
32,169649,8.7,719,1673049,0.24,1,1,personal,1
39,77101,8.6,622,444834,0.24,1,0,home,1
63,196358,30.4,672,589796,0.33,0,0,business,0
37,84785,9.6,656,706920,0.33,0,0,medical,0
49,137928,22.3,581,1489804,0.54,0,0,personal,0
30,188421,4.4,650,2049556,0.25,1,0,business,0
37,117802,9.7,648,1363751,0.6,0,0,medical,0
55,154100,20.7,646,1645334,0.42,1,1,personal,0
31,90329,4.9,663,182592,0.11,4,0,medical,0
56,107709,9,666,624972,0.17,3,0,personal,0
45,107154,5.4,623,1091409,0.17,3,0,personal,0
32,79589,1.9,768,450675,0.68,0,0,business,0
44,108882,18.3,561,872742,0.19,1,0,education,1
47,51201,8.5,599,412842,0.46,0,0,medical,1
44,91593,7.2,850,517524,0.11,1,0,business,0
22,102597,1.3,572,1133157,0.29,0,0,personal,1
30,104229,3.7,545,732968,0.21,0,0,personal,0
35,105074,7.6,722,698515,0.44,0,0,education,0
37,115992,4.5,483,1389020,0.33,0,0,medical,1
44,156207,19.7,640,1083296,0.29,0,1,medical,1
39,194120,14.2,842,734547,0.47,0,0,education,0
24,83942,3,529,598565,0.34,2,0,home,1
41,61913,9.1,492,627808,0.22,0,0,vehicle,0
44,67651,16.4,533,660856,0.36,0,0,home,1
43,91792,5.8,736,907439,0.14,2,0,personal,0
48,98883,4.4,756,897881,0.32,0,0,business,0
46,78570,4.3,616,356879,0.34,1,0,business,0
42,58829,12.3,718,624813,0.25,0,0,business,0
37,93375,8,778,1021003,0.05,1,0,personal,0
21,132592,0.5,812,522615,0.46,1,0,home,0
42,166460,3.4,639,550076,0.54,1,0,education,0
40,88315,8.9,464,1038236,0.63,1,0,personal,1
40,95616,13.1,590,1021489,0.19,0,0,business,0
25,72082,2.3,624,788026,0.33,1,0,education,0
27,117943,4.6,638,1281305,0.46,0,0,home,0
48,75253,8.8,644,558142,0.5,0,0,education,0
37,164467,12.2,755,1392052,0.56,0,0,medical,0
44,44937,13.5,768,334944,0.08,0,1,education,0
38,98464,5.4,645,247348,0.26,1,0,home,0
38,141613,5.7,753,1338955,0.18,0,0,personal,0
47,132768,15.9,690,936455,0.45,0,0,vehicle,0
32,527770,8.8,665,3000000,0.08,0,0,personal,0
38,145457,7.9,737,1022039,0.2,0,0,personal,0
33,69080,4.3,666,477903,0.46,0,0,medical,0
33,113862,9.8,835,423327,0.2,0,0,personal,0
34,45176,8.7,538,216264,0.29,0,0,medical,0
40,114797,9.3,616,411952,0.08,1,0,personal,0
33,75892,6.4,649,300279,0.24,0,0,medical,0
50,198533,8.8,697,2328747,0.3,0,0,business,0
29,88699,5.3,768,313208,0.38,1,0,personal,0
36,112536,6.4,658,528098,0.11,1,0,personal,0
33,84600,11,539,668839,0.26,0,1,personal,1
52,312267,15.6,732,2529920,0.32,2,0,business,0
39,100565,9.3,724,355974,0.25,0,0,education,0
48,328783,15.3,495,3000000,0.19,0,1,education,0
23,187781,2.4,660,1850024,0.12,2,0,home,0
40,156433,14.2,525,684109,0.28,0,0,business,1
46,146980,12.1,604,718242,0.32,0,0,home,0
38,149020,11.8,583,1695830,0.4,0,0,business,0
48,41566,15.7,729,426331,0.14,0,0,education,0
32,102936,5.9,670,924156,0.4,1,0,personal,0
52,191011,9.1,551,539096,0.08,0,0,personal,0
60,116816,19,735,722231,0.12,1,0,business,0
34,55403,4.5,538,420676,0.41,0,0,medical,0
33,116591,10.3,688,451687,0.24,0,0,business,0
52,306357,12.3,591,1985888,0.37,0,0,business,0
53,238241,26.9,629,1908372,0.53,2,0,personal,0
32,115977,6.3,703,611636,0.4,0,0,personal,0
33,202510,7.7,704,1986511,0.15,0,0,personal,0
35,98093,8,774,1020608,0.26,1,0,home,0
24,47010,1,653,246149,0.7,0,0,personal,0
28,72171,3.3,686,749609,0.13,0,0,business,0
27,283463,1.5,623,860527,0.46,0,0,education,0
30,103213,5.9,675,1071071,0.26,3,0,business,0
37,104965,7.9,697,370264,0.66,1,1,personal,0
40,101756,13.9,652,287895,0.26,1,0,education,0
53,341985,10,507,2878746,0.24,1,1,business,1
28,293468,2.1,688,1971921,0.31,1,0,personal,0
47,406596,11.7,691,3000000,0.48,2,1,business,0
35,109949,12,602,619221,0.25,0,0,business,0
37,141187,11,551,687796,0.21,0,1,business,0
44,52109,10.6,785,365146,0.49,0,0,business,0
26,270374,3.1,702,1773508,0.23,0,1,personal,0
41,63131,4.4,641,343703,0.36,0,0,medical,0
39,135195,15.9,563,1208294,0.13,1,0,business,1
42,65626,13.6,590,629722,0.17,2,0,education,0
40,86801,7,771,914001,0.37,1,0,personal,0
62,75717,23.5,672,888052,0.15,1,0,home,0
31,85898,2.5,613,400848,0.11,2,1,personal,0
32,89208,9.9,703,817229,0.31,0,0,home,0
31,88761,3,591,527470,0.68,1,0,education,1
32,189772,7.2,788,1664456,0.18,1,0,vehicle,0
31,65354,3.5,775,441781,0.33,1,0,medical,0
49,135475,18.9,620,1617264,0.38,1,0,business,0
52,234480,22.2,607,2178090,0.17,0,0,home,1
32,90489,7.5,437,1042878,0.12,0,0,education,1
29,80853,5.2,534,836804,0.17,1,0,business,1
42,105710,17,546,1165877,0.21,0,0,vehicle,0
32,229600,2.5,671,2329106,0.39,2,0,vehicle,1
44,133520,9.2,632,880109,0.12,0,0,business,0
40,89597,6.5,546,404789,0.53,0,0,home,0
22,156589,1.7,636,893059,0.24,1,0,personal,0
53,65446,13.9,703,144136,0.25,1,0,business,0
55,174555,23.2,705,1263766,0.26,0,0,medical,0
31,150239,6.9,499,1059272,0.27,0,0,personal,0
34,101311,4.2,649,734758,0.37,1,0,personal,0
40,75662,6.3,542,888296,0.27,2,0,personal,1
41,73686,7.3,737,818986,0.46,1,0,personal,0
44,161038,10.5,727,582495,0.32,2,0,vehicle,0
58,235905,11.9,584,1342022,0.03,1,0,home,0
36,84519,2.6,595,527362,0.22,1,0,vehicle,1
30,154409,7.7,621,865513,0.4,3,0,business,0
24,38078,3.3,469,380207,0.3,1,0,education,1
30,87004,3.9,689,629942,0.41,0,0,business,0
37,117968,6.6,637,910831,0.36,1,0,personal,0
55,72760,5.4,742,766173,0.32,0,0,business,0
32,71694,7.5,567,721190,0.16,0,0,personal,1
40,83114,14.6,607,276114,0.41,0,0,personal,1
37,140921,4.3,532,1287898,0.24,1,0,business,1
49,108252,7.6,575,687872,0.15,0,0,personal,0
63,35039,30.2,560,173320,0.05,1,1,personal,0
32,37379,7,745,93455,0.33,1,0,personal,0
33,85946,2.4,601,590664,0.32,1,0,business,1
48,154349,16.4,671,857311,0.24,0,1,personal,0
44,26479,8.8,628,119556,0.45,1,0,personal,0
56,91162,14.7,552,815601,0.24,2,0,home,1
43,89842,15.8,646,871005,0.06,1,0,education,0
34,257515,10,711,1145400,0.55,0,0,home,0
43,97099,9.9,557,242211,0.53,1,1,personal,0
49,148137,23.6,729,1553591,0.31,1,0,education,0
46,129695,11.3,588,272307,0.03,1,1,business,1
43,37177,15.9,619,422744,0.32,0,0,personal,0
48,183095,13.7,705,1515331,0.25,1,0,business,0
49,135093,22.6,604,704978,0.18,1,0,vehicle,0
51,158704,24.3,663,708578,0.47,1,1,education,0
44,600000,5.1,633,1254034,0.08,0,0,home,0
36,38139,12.9,671,166084,0.27,0,0,business,0
39,309846,13.8,458,1046438,0.25,2,0,vehicle,1
50,102452,21.1,504,832081,0.07,0,0,personal,1
29,140544,2.6,712,515158,0.33,4,0,vehicle,0
41,117033,15,748,852737,0.24,2,0,personal,0
34,95027,10.4,583,750824,0.37,0,1,business,0
38,87714,6.3,639,436852,0.08,0,0,education,0
50,143843,24.5,685,338124,0.32,1,0,home,0
39,52094,3.5,719,123595,0.4,0,0,medical,0
38,181328,4.6,488,410431,0.43,0,0,vehicle,1
24,95448,2.1,585,896376,0.06,0,0,home,0
45,64454,13.8,632,333878,0.15,0,0,personal,0
44,93689,14.4,720,933424,0.19,1,0,vehicle,0
59,239589,6.3,850,1513562,0.4,4,0,business,0
34,89394,11.5,641,583741,0.3,0,0,personal,0
40,146151,3.6,540,1041885,0.21,0,0,home,1
40,80276,5,694,732945,0.56,1,0,personal,0
53,182062,5.3,772,862069,0.1,1,0,education,0
37,174954,9.3,669,562630,0.21,2,0,education,0
40,331699,16.1,583,2507835,0.35,0,0,business,0
44,108955,14.8,741,574168,0.33,1,0,vehicle,0
39,173339,13.8,716,1113688,0.35,1,0,personal,0
33,126650,2.1,573,1072658,0.24,0,1,business,0
39,244746,10.1,692,1698845,0.31,1,0,vehicle,0
48,80813,13.2,745,662892,0.07,3,0,medical,0
27,180773,3.5,760,1345313,0.16,0,0,personal,0
39,107814,3.8,654,1013232,0.18,2,0,business,0
30,115837,6.3,630,1049410,0.32,0,0,home,0
49,126211,14.6,764,926628,0.13,0,1,personal,0
22,137858,1.4,557,1211638,0.37,1,0,business,0
32,112569,5.9,697,1208495,0.22,0,0,home,0
41,135042,5.3,544,853832,0.34,1,0,home,0
53,285847,19.9,751,1751565,0.16,1,0,business,0
37,206333,4.6,638,1989557,0.24,0,0,education,0
32,193548,9.1,768,1514617,0.23,0,0,vehicle,0
56,93405,20.9,702,253134,0.22,0,1,education,0
23,73583,0.8,556,803609,0.53,0,0,business,0
21,202939,0.8,781,468349,0.35,0,0,medical,0
42,194283,11.3,792,1842573,0.27,0,0,personal,0
32,269741,2.4,735,2586261,0.27,1,0,personal,0
27,86082,4.1,595,992621,0.21,2,0,personal,0
45,105767,8.2,634,268790,0.38,0,0,business,0
40,48705,14.3,672,388109,0.11,0,0,home,0
32,96702,8.7,600,607134,0.51,0,0,personal,0
25,207598,4.2,804,1101583,0.17,0,0,vehicle,0
46,92844,13,672,269543,0.15,0,0,medical,0
44,170674,11.2,430,1301652,0.44,1,0,business,1
37,108063,11.5,689,733792,0.07,0,0,home,0
56,143412,8.7,630,436768,0.57,0,0,business,1
27,63832,3.7,654,518628,0.21,1,1,personal,1
22,125758,1.1,629,1179551,0.46,1,0,business,0
31,25000,2.3,729,241820,0.35,1,1,business,0
37,108278,7.5,755,1196876,0.29,2,0,home,0
40,48947,14.9,684,298318,0.49,0,0,home,0
35,232942,11.2,631,2685991,0.21,0,0,home,0
41,184024,4.6,656,1960646,0.4,2,0,home,0
25,155114,1.1,662,770143,0.33,0,0,personal,0
52,277008,10.7,592,995243,0.27,0,0,home,0
37,71207,13,709,452442,0.2,1,0,medical,0
49,313733,7,699,1888355,0.04,0,0,education,0
41,200376,13.7,791,1554355,0.25,0,0,home,0
42,105360,4.9,767,825376,0.41,0,0,medical,0
43,224098,13.5,602,2128902,0.23,0,1,home,1
42,65302,8.8,730,463572,0.31,0,0,personal,0
44,76249,16.9,579,232424,0.13,0,0,medical,0
51,85864,9.7,719,908691,0.06,0,0,personal,0
39,89707,11.4,616,457295,0.22,3,0,home,0
45,67113,7.9,573,786093,0.4,1,1,home,1
37,235141,11,684,747419,0.29,0,0,personal,0
52,104076,24.4,433,1205461,0.15,0,0,education,1
31,145674,2.6,511,423929,0.08,2,0,home,1
56,87689,27.2,645,377971,0.47,0,1,personal,0
37,44087,9.6,667,108710,0.26,2,0,business,0
23,139216,0.7,629,1260062,0.29,0,0,home,0
39,41920,8.5,526,440285,0.38,0,0,medical,0
31,115555,2.9,590,732701,0.02,0,1,vehicle,0
46,56538,16.6,693,638044,0.2,2,1,vehicle,0
31,357986,7.5,709,2829160,0.12,0,0,education,0
33,198094,2.9,659,1644194,0.12,3,0,home,0
21,127187,0.5,758,1329637,0.2,2,0,business,0
33,240454,9.4,694,1194576,0.26,1,0,education,0
21,75341,0.8,596,417589,0.39,2,0,personal,1
22,161807,1,636,1789508,0.4,1,0,business,0
45,133939,20.4,541,1474619,0.16,2,0,education,0
45,138754,13.1,651,1632417,0.33,1,0,vehicle,0
42,241601,9.4,755,2662052,0.2,0,0,personal,0
28,179534,5.9,718,587744,0.41,0,0,personal,0
37,140652,8.4,779,1439889,0.39,1,0,personal,0
37,48294,8.2,634,294515,0.12,1,0,personal,1
26,70772,3,774,842754,0.29,1,0,business,0
53,112168,24.5,644,754084,0.12,1,0,home,0
46,126324,19,785,952276,0.28,2,0,home,0
35,64449,6.5,658,470333,0.76,2,1,education,1
38,452105,6.9,720,2358799,0.17,2,0,personal,0
40,276306,9.9,785,759903,0.28,4,0,home,0
21,167111,0.6,644,1830954,0.28,0,0,business,0
35,124850,4.8,679,1251841,0.2,0,1,education,0
31,106781,7.8,770,362550,0.38,0,0,education,0
27,71089,3.4,649,694375,0.69,1,0,vehicle,0
35,125224,5.8,548,1034158,0.22,1,0,personal,1
55,138277,7.9,842,842306,0.2,1,1,medical,0
44,60614,7.6,620,275200,0.52,0,0,home,0
32,144213,9.8,673,1528267,0.26,0,0,personal,0
43,110178,8.4,758,991809,0.31,0,1,personal,0
51,42022,8.3,608,314215,0.1,2,0,medical,0
47,74760,12.8,574,605233,0.2,1,0,vehicle,0
38,95584,6.6,682,278213,0.07,1,0,vehicle,0
31,338905,1.9,508,2283948,0.19,1,0,vehicle,1
44,162975,9,636,641633,0.18,0,0,personal,0
41,57569,11.1,681,235102,0.28,0,0,vehicle,0
46,156775,13.9,637,1350309,0.43,0,0,home,0
44,51238,9.6,529,569385,0.34,1,0,personal,0
48,217668,13,796,1314185,0.06,1,0,vehicle,0
32,92608,9.9,669,377608,0.15,1,0,vehicle,0
51,113976,12.8,782,967368,0.19,0,0,personal,0
39,248808,6.3,638,2665199,0.25,2,0,home,1
58,59119,12.2,585,560637,0.05,1,0,business,0
31,55650,5.2,683,594763,0.45,0,1,education,0
55,87053,23.9,642,641193,0.17,2,0,personal,1
39,212427,5.6,560,2022042,0.16,1,0,education,0
31,52032,7.1,785,176942,0.3,0,0,home,0
33,25275,2.1,607,138576,0.08,4,1,medical,1
34,93630,6.2,504,551995,0.1,1,0,medical,1
42,162544,15.2,773,1156169,0.28,0,0,vehicle,0
43,232209,8.9,617,2621817,0.27,0,0,personal,0
32,93014,6.5,608,999246,0.42,1,0,personal,1
37,95699,5,510,320138,0.07,2,1,medical,0
59,226362,26.1,808,843854,0.51,1,0,personal,0
55,42911,6.5,550,239289,0.26,0,0,education,1
42,96912,16.4,665,475590,0.2,1,0,business,0
38,133250,5.2,738,1085682,0.23,2,0,vehicle,0
39,153632,14.5,696,1694217,0.56,1,0,personal,0
44,90658,9.5,655,1053710,0.25,0,1,personal,0
27,122295,4.6,515,1043914,0.35,0,0,home,1
35,30536,5.6,591,317012,0.11,0,0,home,0
21,83551,0.8,676,605914,0.19,0,0,medical,0
41,153995,5,593,628803,0.41,1,0,business,0
44,69911,6.6,677,506637,0.15,1,0,home,0
33,123957,6.4,718,935978,0.42,0,0,home,0
53,153434,6.8,742,1446050,0.21,0,0,medical,0
25,99394,1.4,556,417338,0.59,1,0,personal,0
23,131795,2.4,847,749005,0.56,0,0,vehicle,0
40,70668,16.7,725,398587,0.37,1,1,personal,1
48,107110,11.6,660,1241876,0.11,0,0,vehicle,0
54,167857,27.1,753,1080907,0.06,1,0,medical,0
33,130821,6.9,850,1249463,0.09,1,0,personal,0
48,86912,9.5,538,826369,0.16,0,0,business,0
37,135749,10.9,641,631972,0.44,0,0,business,0
36,177776,9.8,458,1372199,0.14,1,1,medical,1
46,38862,21.9,676,425268,0.32,1,0,home,0
44,227007,8.1,691,1532746,0.21,0,1,personal,0
22,99738,1.2,657,1142117,0.33,0,0,medical,0
52,151640,6,604,628484,0.25,0,0,vehicle,1
51,231824,7.1,486,635567,0.2,2,1,vehicle,1
31,56434,1.7,692,615951,0.06,1,0,business,0
41,81231,17.8,784,851042,0.23,1,0,home,0
42,102390,15.7,610,1221093,0.3,1,0,personal,1
40,77978,14,697,685733,0.23,3,0,education,0
32,311596,6.1,527,3000000,0.11,0,0,education,0
31,74908,4,699,769267,0.18,0,0,personal,0
37,88406,4.4,627,923336,0.54,2,0,vehicle,0
49,134277,10.1,595,1032780,0.29,0,0,personal,0
43,61949,9.5,595,360769,0.24,0,0,medical,0
34,96531,9.5,627,1095200,0.12,1,1,home,0
45,142892,13.2,693,903245,0.39,1,0,medical,0
21,99925,0.2,548,738265,0.4,0,0,home,0
49,113992,4.7,626,736519,0.46,1,0,home,0
21,89690,0.2,656,685966,0.25,0,0,business,0
34,52171,6.1,567,349809,0.62,0,0,vehicle,0
26,143218,4.8,813,355134,0.39,0,0,personal,0
25,315042,3,587,3000000,0.19,1,0,personal,0
49,121221,20.6,603,781141,0.15,1,1,vehicle,0
33,135828,6.2,577,1071606,0.21,4,0,education,1
41,175649,8.5,813,595780,0.24,0,0,business,0
37,59702,3.8,707,121427,0.16,1,0,personal,0
42,306089,16.8,580,1362984,0.45,0,0,vehicle,0
38,134125,12.6,754,1213276,0.15,0,0,medical,0
25,294422,1.3,677,880895,0.3,0,0,business,0
47,80184,13.7,682,889150,0.42,1,0,personal,0
33,326172,6.4,631,1353687,0.22,0,0,business,0
22,183796,1.2,596,743627,0.28,1,0,medical,0
33,162660,10.6,689,620561,0.49,1,0,education,0
53,136484,18.3,614,292051,0.07,1,0,vehicle,0
46,104669,13.7,814,1017179,0.16,0,0,home,0
34,232243,2.6,552,2496692,0.44,0,0,vehicle,1
34,129631,2.7,791,1055407,0.04,0,1,education,0
34,40675,3.9,651,157900,0.41,2,1,home,0
58,64912,6.6,685,315004,0.68,0,0,vehicle,0
41,108340,14.1,731,732299,0.06,0,0,business,0
42,142308,14.4,606,1642727,0.15,0,0,medical,0
48,116323,6.9,733,520373,0.47,0,0,home,0
40,234610,14.7,430,2185734,0.18,1,0,personal,0
35,41033,3.9,599,262385,0.21,1,0,business,0
36,129861,5.8,581,646510,0.37,1,0,home,0
37,44150,5.5,553,289587,0.25,2,0,personal,0
37,182242,7,642,494253,0.16,0,0,home,0
45,113925,8.2,693,1137755,0.22,2,0,business,0
38,151151,8.9,720,670055,0.09,1,0,personal,0
45,74616,10.9,680,690506,0.05,0,0,home,0
37,242547,14.3,603,650871,0.29,0,0,business,0
38,212819,3.4,691,2458269,0.2,0,0,medical,0
21,165412,0.2,671,650094,0.07,1,0,vehicle,0
47,111749,5,740,1209953,0.15,1,0,business,0
41,165077,12.3,726,1666408,0.13,1,0,medical,0
47,81345,5.1,663,949996,0.42,0,0,personal,0
21,192106,0.7,584,1302269,0.09,1,0,business,0
58,297289,19.3,604,2757050,0.39,0,0,business,1
36,216227,8.3,613,1234031,0.2,0,0,home,0
49,80335,15.8,633,308782,0.25,0,0,personal,1
27,146390,1.9,683,941399,0.32,3,0,business,0
44,58925,6.9,721,215518,0.19,2,0,personal,0
27,164401,2.6,656,1943293,0.53,1,0,personal,0
31,153749,6.2,661,455476,0.2,1,0,education,0
57,42909,11,672,338643,0.26,1,0,home,0
36,63340,3.7,616,523482,0.11,2,0,vehicle,0
40,102695,16.6,581,757971,0.35,1,1,business,1
46,101699,4.3,511,876834,0.07,0,1,home,1
42,61700,15.7,601,195084,0.23,0,0,personal,0
39,148626,13.3,700,1122154,0.2,0,0,business,0
41,137800,7.5,600,671379,0.19,1,0,business,0
62,107839,10.3,640,1229554,0.32,1,1,business,0
37,79187,4.3,700,761836,0.43,0,0,education,0
40,213638,12.8,704,2504936,0.02,0,0,business,0
48,298260,16.8,568,708535,0.29,0,0,personal,0
49,91976,20.2,745,446206,0.37,0,0,vehicle,0
49,85695,23.4,756,338857,0.11,0,0,business,0
44,157222,15.2,564,331981,0.27,1,0,home,0
26,98551,1.6,590,435916,0.18,0,0,business,0
54,111144,10.9,761,976707,0.45,0,0,business,0
26,180242,4.4,648,777003,0.18,2,1,education,0
41,41986,6.2,471,297682,0.31,0,0,home,1
30,247784,2,541,2695439,0.27,0,0,vehicle,0
37,124894,10.9,639,1116250,0.31,0,0,home,0
41,95695,9.1,561,569030,0.34,0,0,home,0
41,114253,16.7,625,654063,0.27,0,0,education,0
42,117546,13.3,663,770791,0.32,0,0,business,0
54,46309,7.3,784,174604,0.4,0,1,vehicle,0
42,273064,17.9,635,2277356,0.33,1,0,business,0
35,122759,5,751,692548,0.44,1,0,vehicle,0
47,153108,10.4,781,1611256,0.09,0,0,business,0
49,202521,12.5,782,1937220,0.33,2,0,medical,0
25,68433,0.9,684,554658,0.15,1,0,vehicle,0
43,155695,11.4,493,878435,0.4,0,0,business,1
45,103574,5.9,699,424583,0.13,0,0,home,0
35,191180,6.5,749,1866207,0.48,1,0,personal,0
51,37245,12.3,653,255653,0.28,0,0,business,0
36,113635,11.1,808,482665,0.49,0,1,personal,0
39,86137,13.5,733,340392,0.54,3,0,business,0
36,152206,4.1,708,556162,0.24,2,0,education,0
38,155402,7.3,752,1518528,0.23,1,0,business,0
27,81312,2.9,688,348818,0.32,1,1,vehicle,1
23,81109,0.8,448,589372,0.27,4,0,business,1
53,112914,23.4,618,735687,0.27,0,0,business,0
29,73284,5.8,762,571330,0.41,0,0,medical,0
28,190677,2.3,591,2053887,0.43,0,0,home,1
21,97947,0.4,641,1045827,0.11,0,0,home,0
31,25000,2.5,571,162769,0.46,0,0,business,0
24,97645,2.4,812,210294,0.04,0,0,personal,0
54,67782,8,803,424616,0.17,1,0,medical,0
48,48925,23.5,585,394430,0.32,2,0,home,0
31,60759,7.7,673,460410,0.12,0,0,business,0
60,127443,16.9,602,1084968,0.3,1,0,medical,1
47,249197,15,712,882346,0.42,0,0,personal,0
34,142557,11,703,1206795,0.46,0,0,education,0
21,85963,0.5,729,328939,0.26,0,0,business,0
60,154198,10.9,688,1465689,0.28,0,0,business,0
24,93223,1.7,850,502554,0.56,0,0,personal,0
21,81897,0.7,573,745177,0.14,0,0,vehicle,0
48,63599,16.8,515,157640,0.29,2,0,business,1
62,45786,25.4,627,278315,0.18,2,0,education,0
51,96837,23.5,527,876408,0.34,0,1,business,0
43,130898,17.8,533,558765,0.67,0,0,education,1
43,113789,18.3,575,1132527,0.19,2,0,home,1
46,95460,5.6,582,793062,0.37,0,0,vehicle,0
45,71331,13.3,579,561776,0.32,1,0,business,0
40,167675,13.4,704,928163,0.17,0,0,personal,0
39,58153,12.9,617,396866,0.57,1,0,home,0
37,183884,9.8,645,1466198,0.34,2,0,personal,1
30,69150,2.7,736,465008,0.2,0,0,home,0
35,79333,10.6,595,712659,0.25,0,0,business,0
21,53558,0.7,638,339395,0.11,0,0,vehicle,0
37,91078,3.6,691,366382,0.37,1,0,business,0
28,205185,3.8,495,849330,0.38,0,0,medical,1
26,159347,1.6,457,327942,0.31,0,0,vehicle,1
39,205537,7.3,689,1029653,0.27,0,0,business,0
51,159919,5,702,1517500,0.39,0,0,medical,0
47,65397,11.6,835,650153,0.52,1,0,personal,0
22,100039,1.1,673,402625,0.45,0,0,vehicle,0
28,78131,4.7,730,905573,0.07,0,0,personal,1
47,249462,16.6,643,1752228,0.11,1,0,education,0
28,62132,5.9,685,694001,0.27,1,0,personal,0
35,196179,4.5,802,1778883,0.35,1,0,personal,0
43,196098,5.4,479,1808873,0.35,2,0,personal,1
28,328252,6,695,935661,0.29,0,0,personal,0
39,95791,4.9,842,402314,0.18,2,0,business,0
24,177553,3.3,684,370757,0.27,0,0,business,0
31,420902,8.1,800,3000000,0.26,1,0,personal,0
41,85438,10.5,607,465157,0.19,1,0,vehicle,0
22,51584,1.7,657,508955,0.03,0,0,home,0
42,42670,4.8,663,229964,0.12,1,0,vehicle,0
37,177591,6.2,472,1810245,0.35,2,0,vehicle,1
43,42596,13.7,561,140864,0.22,2,0,vehicle,0
40,97780,7.9,567,365084,0.21,1,0,vehicle,0
51,152630,24.8,730,825540,0.54,0,0,vehicle,0
39,132866,3.7,734,808473,0.34,1,0,personal,0
33,151637,6.9,688,832036,0.12,0,0,personal,0
39,135606,10.7,730,1306763,0.09,0,0,business,0
43,242468,14,646,720012,0.36,1,0,business,0
38,71074,5.9,762,391772,0.15,1,1,business,0
38,82694,7.3,661,857735,0.08,0,0,business,0
30,78455,7.4,665,209316,0.26,0,0,business,0
31,189445,3.2,637,2164113,0.22,1,0,vehicle,0
23,196903,2.2,718,2335893,0.45,0,0,personal,0
55,153802,19,624,443824,0.33,0,0,education,0
25,230077,3.4,743,1130305,0.29,0,0,personal,0
31,62776,7.1,564,359330,0.1,0,0,home,0
30,300205,3,567,2931176,0.53,0,0,business,1
46,277348,14.3,718,2207487,0.43,1,0,vehicle,0
35,179843,11.4,652,1518533,0.67,1,0,education,1
50,319731,13.6,621,3000000,0.43,0,0,personal,0
31,48248,9.1,736,153419,0.25,1,0,education,0
40,89931,9.3,608,929176,0.18,1,0,home,0
29,80084,2.2,643,725257,0.39,1,0,personal,0
59,178449,16.5,779,1387159,0.43,1,0,business,0
26,67351,4.9,791,733948,0.07,2,0,vehicle,0
41,182020,7.8,794,1638738,0.25,0,0,business,0
44,255006,18.2,636,1024359,0.07,3,0,medical,0
42,175889,16.9,765,1107653,0.26,0,0,vehicle,0
36,140268,6.3,579,973520,0.44,1,1,vehicle,1
36,69697,3.3,583,177879,0.42,1,0,education,1
38,75318,11.8,460,869650,0.04,1,0,business,1
36,238598,5.9,802,783979,0.31,1,0,personal,0
47,184221,18.8,587,1653312,0.1,1,0,business,0
60,117452,18.4,649,829482,0.14,0,0,home,0
32,95358,5.9,583,215158,0.32,1,1,personal,0
24,39382,2.8,719,442948,0.24,3,0,medical,0
37,66588,7.1,628,700397,0.12,1,0,business,1
63,343358,19.8,549,2486798,0.3,2,0,home,0
29,59337,3.7,698,254522,0.31,0,0,vehicle,0
54,133181,13.8,538,428341,0.11,0,0,medical,0
54,208844,17.6,589,1176611,0.32,1,0,personal,0
32,60177,8.6,481,274063,0.3,1,0,education,1
43,132832,9.3,539,938712,0.43,2,0,business,1
54,201008,17.6,675,2344576,0.48,2,0,education,0
34,120828,8.7,493,936361,0.26,0,0,medical,0
35,581211,5.1,534,3000000,0.38,0,0,education,1
32,47931,4.1,660,407835,0.26,0,0,medical,0
27,214818,5.6,614,1450551,0.24,0,0,personal,0
31,109120,7.2,829,1150788,0.41,0,0,personal,0
25,183469,2.8,816,1231752,0.43,0,0,business,0
38,152965,10.9,586,1634627,0.29,1,0,personal,1
30,80179,1.7,707,394141,0.45,1,0,personal,0
40,136107,11.7,724,447538,0.28,2,0,business,0
22,43192,1,609,455811,0.13,1,0,business,0
41,167215,11.2,533,1316676,0.28,1,0,personal,0
46,141384,10.4,659,1539802,0.23,0,0,home,0
21,170503,0.2,645,1940030,0.35,0,0,business,0
41,214746,6,623,544657,0.21,1,0,business,0
50,146890,24.5,698,1029654,0.33,1,0,business,0
25,130183,2.2,596,748506,0.27,1,0,vehicle,0
54,73914,16.2,562,610425,0.35,0,0,personal,0
42,81107,4.1,669,805872,0.25,0,1,medical,0
30,230487,1.8,693,1107698,0.02,1,0,vehicle,0
37,264403,11.1,560,2000998,0.24,0,0,medical,0
43,105270,12.1,739,956619,0.2,1,0,personal,0
38,123075,9.1,510,411601,0.68,0,0,education,0
43,72963,7.4,611,739894,0.49,0,0,medical,0
28,228722,5.4,638,1843750,0.23,0,0,business,0
39,173031,5.1,606,1989056,0.33,0,0,home,0
23,349031,0.8,612,1883123,0.14,0,0,business,0
36,74026,7.6,819,228108,0.2,0,1,business,0
28,97474,2.8,588,688655,0.25,0,0,business,0
30,136290,3.2,850,389532,0.66,2,0,home,0
50,171239,18,697,2002686,0.12,0,0,personal,0
48,106578,17,668,254386,0.42,0,0,home,0
44,74244,17.5,700,707919,0.38,1,0,personal,0
27,194857,3.1,850,1412913,0.16,0,0,personal,0
34,178416,2.8,576,1014510,0.49,0,0,home,1
50,72497,10.2,565,192728,0.38,0,0,education,1
39,252898,15.9,596,2079244,0.39,1,0,vehicle,0
61,228401,23.3,663,1793451,0.33,1,0,business,0
41,129199,13.6,513,621296,0.36,2,0,personal,1
39,125370,2.9,662,1391885,0.19,1,0,personal,0
34,162751,7.2,804,820444,0.42,2,0,home,0
39,74706,3.3,673,485384,0.45,0,0,education,1
36,121999,8.8,635,907383,0.19,0,0,home,0
45,36733,19.9,607,110284,0.4,1,0,vehicle,0
47,194327,22.4,736,2200096,0.21,0,0,personal,0
30,50839,5.3,590,292088,0.28,0,1,vehicle,1
24,274341,1.9,817,770293,0.16,1,0,education,0
21,100076,0.8,824,587738,0.16,1,0,home,0
43,106812,14.3,682,854712,0.22,0,0,business,0
26,84965,1.2,659,606355,0.28,0,0,vehicle,0
21,102419,0.5,748,916181,0.15,0,1,education,0
41,261827,6.7,753,668926,0.34,3,0,home,0
62,30545,20.1,591,148003,0.13,0,0,vehicle,0
37,242214,8,615,2468719,0.31,0,0,medical,0
46,144518,14.5,548,404497,0.36,0,0,medical,1
38,61783,7.2,695,652111,0.22,0,0,business,1
37,66425,4.5,717,193892,0.46,1,0,home,0
47,301723,13.6,545,3000000,0.28,0,0,vehicle,0
35,71340,11,621,400066,0.28,1,0,medical,0
40,63634,12.3,545,516841,0.38,2,1,education,0
41,224307,8.1,584,791551,0.34,0,0,business,0
31,144560,8.9,707,384774,0.29,1,0,education,0
47,71639,21.3,598,297974,0.09,0,0,medical,0
36,135184,4.7,634,443206,0.32,1,0,business,0
30,68260,1.8,522,349768,0.06,0,0,medical,0
43,219850,15.4,676,1570572,0.17,1,0,medical,0
29,215131,6.6,656,1696866,0.12,0,0,personal,0
38,160789,14.9,598,1591599,0.33,0,0,business,0
37,146409,13.1,644,1253612,0.21,0,0,personal,0
48,316127,16,675,2556703,0.3,0,1,medical,0
42,119979,11.5,591,734010,0.13,1,0,home,0
37,62644,2.9,535,422101,0.18,1,1,vehicle,1
46,153654,8.4,813,944236,0.13,0,1,business,0
51,377971,14.6,606,3000000,0.57,0,1,medical,0
43,68674,13.6,652,295299,0.16,0,0,education,0
38,98365,9.7,746,202357,0.17,0,0,medical,0
24,150888,2.7,850,1284540,0.48,0,1,medical,0
27,116495,2.4,554,468848,0.32,0,0,business,1
34,69911,7.6,698,762110,0.34,2,0,personal,0
31,222408,2.3,600,2355404,0.18,0,0,personal,0
36,429883,7,614,1189604,0.34,2,0,personal,0
38,133669,12.2,599,409546,0.2,2,0,business,0
43,72985,14.6,564,507371,0.33,0,0,education,0
37,51191,14.3,656,414249,0.4,0,0,personal,1
42,138294,7.6,535,656770,0.24,0,0,business,0
38,220219,9,740,2018963,0.52,0,0,personal,0
21,155841,0.4,665,1238805,0.37,2,0,business,0
28,119841,3.7,696,628954,0.25,1,0,education,0
36,86781,12,620,195580,0.65,0,0,personal,0
25,65812,3.1,629,625313,0.08,0,0,personal,0
43,189920,17.7,684,787700,0.17,1,0,personal,0
53,198357,9.7,561,2051951,0.35,0,0,vehicle,0
50,51282,22.8,630,318097,0.3,0,0,personal,0
35,287696,2.9,587,2235621,0.03,0,0,home,0
52,164553,24.7,584,1765569,0.25,0,0,vehicle,0
39,259114,7.2,481,2755996,0.38,0,0,personal,1
34,57359,5.2,774,327818,0.27,1,1,medical,0
31,56616,5.6,602,231497,0.48,0,0,home,0
34,110560,11.3,759,1078122,0.19,0,0,vehicle,0
34,158226,2.6,751,1001697,0.54,0,0,education,0
39,322302,7.5,551,1263559,0.22,1,0,business,0
39,176944,14.2,567,1954214,0.4,1,1,business,1
38,105006,7.7,850,418033,0.19,0,0,business,0
42,68237,6.4,809,154084,0.67,1,0,education,0
49,236038,13,657,519944,0.2,1,0,personal,0
47,70591,11.3,682,580481,0.47,1,0,personal,0
23,293874,2.4,606,2532239,0.27,1,0,business,0
21,102625,0.7,697,524457,0.63,2,0,personal,0
47,287813,13.6,599,1496659,0.15,1,0,home,0
24,174322,3.4,487,940457,0.38,0,0,home,0
35,111291,7.1,548,979537,0.61,0,0,home,0
26,90181,1.1,662,232788,0.29,1,0,personal,0
21,99484,0.3,564,1123290,0.31,1,0,education,1
43,151876,10.5,654,641708,0.24,0,0,business,0
45,125202,6.5,569,1502015,0.04,1,0,education,0
32,86565,9.8,593,321609,0.09,0,0,personal,0
21,109551,0.7,733,1064339,0.42,0,0,personal,0
32,125300,4.1,681,530536,0.22,1,0,business,0
41,37214,11.8,659,104514,0.16,0,0,business,0
23,154390,2,735,1659590,0.81,1,0,personal,0
39,70010,15.4,701,741232,0.11,1,0,personal,0
37,63635,13,783,384082,0.21,0,0,home,0
43,47439,11.7,621,428088,0.03,1,0,personal,0
39,44739,13.2,623,338704,0.11,2,0,vehicle,0
28,56940,4.3,549,599553,0.39,0,0,business,0
49,81250,15.6,624,418483,0.25,0,0,medical,0
36,351350,3.7,742,2542623,0.38,3,0,business,0
37,89860,4.1,770,615876,0.51,0,0,personal,0
28,132324,4.2,742,732950,0.2,1,0,home,0
33,149569,4.4,507,1632478,0.1,1,0,business,0
29,128970,1.5,752,471873,0.28,0,0,personal,0
36,114996,10.5,504,401921,0.32,0,0,personal,0
55,62183,6,736,483106,0.34,0,0,business,0
24,266534,2.3,629,2285514,0.7,0,0,business,0
21,324229,0.5,720,1279470,0.67,0,0,education,0
52,47562,26.5,547,280957,0.28,0,0,personal,0
35,68325,7.3,760,783390,0.21,0,0,personal,0
31,102883,2.1,535,459493,0.16,2,1,medical,1
48,70598,15,603,613045,0.47,0,0,medical,0
31,158503,8.1,575,1490165,0.16,0,0,personal,1
56,80394,30.5,511,521057,0.41,0,0,medical,1
44,394758,10.8,668,3000000,0.34,1,0,medical,0
33,230971,4.9,814,2163405,0.19,0,0,home,0
59,134883,30.6,850,887428,0.3,1,0,vehicle,0
31,211100,3.1,668,1624067,0.25,1,0,education,0
45,220465,14.5,755,1967900,0.19,0,0,education,0
40,87999,8.7,680,697119,0.16,0,0,business,0
51,76598,5.5,702,826261,0.38,2,0,personal,0
53,125270,13,631,697614,0.21,0,0,home,0
38,192750,6,677,963530,0.19,0,0,home,0
30,129538,6.3,706,536079,0.2,2,0,vehicle,0
42,50408,17.9,611,119862,0.28,0,0,vehicle,0
31,77164,3.7,653,187519,0.48,0,0,vehicle,0
58,115216,27.3,655,1232875,0.19,0,0,business,0
39,115109,3.6,730,1011110,0.27,2,1,vehicle,0
34,355097,7.4,569,3000000,0.5,0,0,education,1
39,55991,3.8,656,456127,0.24,0,0,business,0
24,158470,3.2,823,1662698,0.16,0,0,home,0
28,272191,5.5,759,1851625,0.25,1,0,home,0
50,418547,18.3,775,3000000,0.36,2,0,business,0
31,96070,8,662,537459,0.19,2,0,medical,1
27,157241,4.2,687,1771646,0.26,0,0,personal,0
43,164163,19.1,745,1475262,0.43,1,0,home,0
49,133621,18.8,793,610885,0.35,0,0,home,0
45,113650,19.9,494,868383,0.05,2,0,education,0
47,152517,13.8,548,1117996,0.44,0,0,vehicle,1
30,29807,2.3,771,100718,0.16,1,0,business,0
23,174623,1.6,636,1381692,0.17,1,0,home,0
53,128624,7.9,603,662138,0.3,1,1,education,0
34,106179,7.9,553,267941,0.36,0,0,vehicle,0
35,369912,7.3,613,3000000,0.65,0,0,business,1
51,82788,18.2,541,696653,0.13,0,0,home,0
43,96139,3.6,838,1035339,0.33,1,0,home,0
42,358829,6.3,658,3000000,0.4,0,0,vehicle,0
59,75934,19.3,655,422940,0.23,0,0,business,0
31,88671,9,710,631948,0.54,0,0,personal,0
47,110678,11.3,742,969259,0.63,1,0,business,0
38,190546,8,740,2210814,0.34,0,0,vehicle,0
40,134529,13,751,610317,0.1,0,0,medical,0
53,58942,18.9,606,633613,0.09,0,0,personal,0
43,89550,8.3,635,1006612,0.31,0,0,home,1
43,85923,10.1,725,747887,0.35,0,0,home,0
48,115010,8.5,615,1301070,0.5,1,0,business,0
34,151670,11.6,660,906802,0.29,0,0,medical,0
29,151034,2.2,694,1741446,0.25,1,0,vehicle,0
27,45181,2.9,727,407886,0.31,1,0,home,0
21,215435,0.2,509,521365,0.28,1,0,vehicle,1
58,137883,11.6,721,1526189,0.21,0,0,business,0
26,256976,4.2,640,1758931,0.61,1,0,vehicle,1
35,153209,4.4,720,1011680,0.31,1,0,home,0
35,219910,3.1,726,1685537,0.1,0,0,home,0
41,155103,10.1,797,541906,0.27,1,0,home,0
46,251619,4.1,775,1683749,0.45,0,0,personal,0
46,159929,5.4,774,1649071,0.34,0,0,personal,0
32,113709,8.6,783,245023,0.18,1,0,home,0
36,418774,11,685,1980454,0.61,0,0,medical,0
40,195676,15.8,663,396155,0.4,1,0,business,0
35,164523,11.2,734,1012987,0.14,0,0,education,0
54,59473,21.4,722,552097,0.1,0,0,home,0
42,59082,4.1,634,590094,0.18,0,1,medical,0
45,140961,17.4,694,1614271,0.04,0,0,medical,0
44,129999,17.8,657,1051048,0.56,1,0,personal,0
49,85603,20.6,587,389174,0.26,0,0,personal,0
39,129675,9.6,770,1457739,0.11,0,0,education,0
25,287504,1.6,665,2804072,0.27,0,0,personal,0
41,175908,15.6,834,1362282,0.1,1,0,business,0
31,64067,7.2,522,573810,0.45,0,0,personal,1
32,112862,10,613,1268926,0.37,0,0,business,0
43,77074,6,663,703219,0.39,1,0,personal,0
50,96956,9.2,757,551073,0.29,0,0,medical,0
38,95584,5.4,694,872709,0.34,1,0,home,0
41,92276,14.8,686,221719,0.23,1,0,personal,0
55,60170,9.8,564,352846,0.4,0,0,business,1
40,111864,3.9,562,678257,0.4,0,0,education,0
64,88160,37.4,687,323405,0.3,3,0,medical,0
43,25000,3.8,544,55771,0.51,0,0,personal,0
21,371157,0.7,615,1237368,0.44,1,0,home,1
45,218397,10.1,703,1866468,0.13,1,0,education,0
41,97566,15.5,577,977893,0.13,1,0,home,0
50,121249,16.1,796,1440685,0.1,0,0,personal,0
44,62997,18.7,764,344193,0.17,1,0,home,0
36,304947,12.8,526,2437683,0.34,0,0,vehicle,0
25,340699,0.8,581,3000000,0.67,0,0,medical,1
35,130801,3,466,480094,0.29,2,0,business,0
29,210700,2.9,593,1933479,0.31,0,0,education,0
32,132145,7.4,725,1261957,0.38,0,0,home,0
43,57529,17.8,625,166245,0.35,1,0,personal,0
54,95678,16,699,1015382,0.18,0,0,business,0
41,129031,12.1,531,1307220,0.21,0,0,vehicle,1
26,93456,1.7,728,218129,0.36,1,0,education,0
42,106403,15.7,613,309723,0.22,0,0,medical,0
49,114117,24,661,284296,0.23,0,1,business,0
31,114779,3.7,652,613773,0.22,1,0,vehicle,1
36,123499,7.9,552,875965,0.39,0,0,personal,0
38,66964,3.8,562,490409,0.15,0,0,business,0
30,80893,5.4,742,378310,0.21,0,0,vehicle,0
44,59203,12,694,658099,0.63,1,0,education,0
36,205468,4,749,1167598,0.4,0,1,personal,0
42,37690,10.1,688,92548,0.15,0,0,personal,0
29,226324,3.5,672,1132134,0.32,0,0,personal,0
33,257233,6.7,513,1880655,0.16,1,0,vehicle,1
45,101625,14,637,618105,0.65,1,0,personal,1
34,28668,2.2,658,135841,0.13,0,1,vehicle,0
55,98373,23.9,826,325933,0.14,0,0,business,0
34,115838,9.1,718,1180580,0.37,1,0,education,0
40,68832,8.1,791,823331,0.19,1,0,personal,0
47,90389,5.1,711,478648,0.5,1,0,personal,1
23,278411,2,600,1619297,0.33,1,0,medical,0
21,172984,0.8,670,1415074,0.49,1,0,business,0
22,72167,0.6,680,662812,0.13,0,0,personal,0
50,49840,11.3,580,295068,0.13,0,0,vehicle,0
32,100247,3.3,627,1107659,0.06,0,0,home,0
63,106707,23.8,643,810977,0.27,0,0,education,0
32,157654,3.1,796,1025366,0.26,0,0,business,0
39,89395,7.6,483,756883,0.55,2,0,education,1
53,158986,21.1,762,1832797,0.08,1,0,personal,0
58,347869,20.6,580,3000000,0.39,0,0,vehicle,1
58,187920,16,543,451033,0.32,1,0,business,1
50,116868,13.3,760,622100,0.14,1,1,medical,0
48,108501,15.2,722,727548,0.27,0,0,personal,0
43,98625,3.5,767,507443,0.36,0,0,education,0
45,229716,5.1,728,2067875,0.22,2,0,medical,0
32,84985,9.2,835,872175,0.06,1,0,personal,0
29,123022,1.8,707,1145759,0.52,1,0,personal,0
37,123427,11,647,1467958,0.6,0,0,home,0
36,91059,12.7,689,430297,0.42,1,0,personal,0
33,56409,4.4,766,606391,0.39,0,0,education,0
44,143327,9.8,594,1385431,0.25,1,0,business,0
47,116041,14.8,605,652358,0.31,1,0,business,0
38,158005,13.8,634,1475963,0.28,0,0,home,0
52,89480,25.9,481,272087,0.43,1,0,business,1
26,234849,4,672,2323440,0.28,0,0,education,0
36,74089,3.4,500,542576,0.14,2,0,personal,1
30,307696,6.2,665,1514757,0.13,1,0,personal,0
21,45892,0.4,734,392733,0.5,0,0,business,0
37,152416,8.2,619,1282764,0.09,0,0,education,0
36,155863,3,803,638238,0.39,1,0,medical,0
53,77473,9.4,536,178496,0.19,2,0,education,1
44,151549,16.9,761,960249,0.04,0,0,home,0
27,242555,3.3,717,1866490,0.39,0,0,personal,0
56,35454,13,514,381700,0.36,0,0,business,1
50,158222,12.6,850,1785087,0.26,1,0,education,0
43,30453,17.2,655,221943,0.19,1,0,business,0
35,70554,10.1,585,672947,0.55,0,0,business,1
28,293986,2.7,540,1879462,0.29,0,0,vehicle,1
34,87140,3.3,641,824416,0.23,1,0,home,0
48,62920,9.1,649,254701,0.12,0,0,medical,0
56,107622,28.6,669,614591,0.13,3,1,personal,1
53,374219,18.4,635,3000000,0.4,0,0,business,0
33,43819,6.8,714,95595,0.23,2,1,education,0
26,67307,3.4,627,620881,0.02,0,0,personal,0
39,273439,7.7,496,2831558,0.18,0,0,personal,0
21,333362,0.7,647,1997311,0.44,0,0,home,0
41,113364,10.8,459,734533,0.37,1,0,home,0
36,60704,3.7,690,638170,0.2,1,0,personal,0
33,380013,3.1,577,3000000,0.63,1,0,education,0
22,288425,1.1,674,1407945,0.11,0,0,business,0
43,174323,18.5,772,913411,0.1,0,1,education,0
32,76759,4.4,579,674618,0.09,1,1,home,1
26,116807,4.6,750,891469,0.16,0,0,business,0
21,109870,0.7,623,397982,0.37,1,0,home,0
37,143949,5.5,809,734039,0.19,3,0,personal,0
55,266545,6.1,629,2931950,0.24,0,0,home,0
54,194644,7.5,589,1728778,0.06,1,0,business,0
33,66349,8.6,718,786882,0.5,0,0,home,0
31,255843,3.2,623,2474034,0.45,1,0,personal,0
42,142553,9,588,1627919,0.23,2,0,business,0
28,175104,4,619,728763,0.23,0,0,business,0
41,268833,13.8,656,2611672,0.27,0,1,home,1
45,65113,5.7,774,143390,0.31,0,0,business,0
50,117659,13,496,1024528,0.29,0,0,vehicle,1
36,89585,7.8,662,599577,0.31,0,0,medical,0
35,50662,7.9,713,277000,0.24,0,0,education,0
29,145210,6.5,676,1542717,0.13,0,0,personal,0
29,477635,2.4,771,3000000,0.31,0,0,home,0
35,43617,10.7,654,96961,0.21,1,0,business,0
41,117888,13.3,644,954309,0.28,0,1,education,0
47,170680,14.6,710,969176,0.09,1,0,personal,0
29,128404,5.8,668,790533,0.22,0,0,business,0
52,112761,14,627,1163739,0.16,1,0,education,1
35,58728,3.7,704,299419,0.37,0,0,business,0
37,136391,10.5,605,1559016,0.29,2,0,business,0
30,79144,5.2,608,300457,0.17,3,0,personal,1
21,35983,0.6,615,310433,0.19,1,0,personal,1
46,231486,10.1,775,2018801,0.33,0,0,personal,0
45,203284,19.6,386,919240,0.32,0,0,personal,1
35,123459,8.4,694,647852,0.26,3,0,vehicle,0
38,136113,3.8,663,1408495,0.35,0,0,business,0
43,216668,10.7,517,2083924,0.46,0,0,business,1
22,135759,1.4,686,718295,0.16,0,0,home,0
32,197295,8.5,700,1448060,0.08,1,0,home,0
45,101888,12.4,710,266621,0.36,1,1,home,0
25,246925,3.9,435,1009296,0.18,0,0,business,1
40,143154,6.7,776,981780,0.35,1,0,business,0
24,133516,1.7,597,381821,0.38,0,0,home,0
42,59678,17.1,718,622640,0.31,0,0,vehicle,0
37,140515,13.2,723,1289936,0.18,2,0,home,0
21,75938,0.6,585,868453,0.04,3,0,business,0
49,84473,21.8,716,754738,0.11,0,0,personal,0
30,76634,2.1,627,873935,0.14,0,0,education,0
29,66757,6.8,484,503690,0.33,1,0,education,1
40,386108,7.5,759,3000000,0.51,0,0,education,0
49,249567,8,594,2937331,0.14,1,0,personal,1
27,345052,2.2,587,2905783,0.3,2,0,personal,1
38,61246,8,626,141348,0.22,2,1,medical,1
42,124796,7.2,683,1152869,0.15,2,0,education,0
44,58913,9,655,651265,0.39,0,0,education,0
39,81848,4.6,707,814863,0.45,0,0,business,0
34,72423,5,546,567676,0.3,0,0,vehicle,1
29,237285,5,597,2067473,0.37,0,0,personal,0
38,96502,8.3,650,1148559,0.3,1,0,business,1
27,215962,2.7,821,627720,0.26,1,0,personal,0
21,167295,0.7,650,1450857,0.48,0,0,home,0
42,426023,17.1,752,2059385,0.12,2,0,vehicle,0
47,53186,18.4,663,446810,0.13,0,0,personal,0
21,239864,0.4,619,1937198,0.03,1,0,business,0
27,225436,4.7,639,796819,0.33,0,0,personal,0
44,70255,6.2,646,285760,0.37,0,0,home,0
58,208808,9.2,711,1715628,0.27,1,0,business,0
38,144369,7.1,777,473862,0.32,1,0,personal,0
30,105888,7.2,691,492571,0.16,1,0,medical,1
36,76274,5.2,761,789623,0.2,0,0,business,0
51,80800,6,578,425890,0.23,0,0,personal,0
31,370513,2.7,625,2549352,0.13,0,0,personal,0
30,120045,7.5,598,1369882,0.13,1,0,business,1
33,184503,7.7,687,788103,0.3,3,0,home,0
28,77672,2.6,629,457974,0.15,1,0,medical,1
39,78146,10.2,722,630214,0.35,1,0,business,0
54,217584,17.7,581,2078665,0.48,1,0,personal,0
41,57124,12.8,664,629308,0.22,2,0,business,0
35,95500,4.7,718,1065277,0.27,1,0,business,0
35,122267,11.3,484,1194109,0.09,0,0,business,1
22,127580,0.7,840,546464,0.12,2,0,medical,0
46,108743,16.5,636,244464,0.1,0,0,personal,0
37,149186,2.7,488,870909,0.29,0,0,home,1
36,175662,6.6,673,599972,0.38,0,1,education,0
69,179746,19.4,663,1636385,0.15,0,0,personal,0
40,69777,10.6,653,600871,0.44,0,0,business,0
30,102638,2,744,250408,0.49,0,0,education,0
33,231507,9.1,724,2399787,0.24,0,0,business,0
49,196281,8.8,685,880798,0.29,1,0,business,0
39,56397,11.9,698,356557,0.25,1,0,home,0
23,145592,2.1,651,1263642,0.28,0,0,business,1
47,40426,14.7,811,254449,0.05,2,0,education,0
31,123138,7.4,534,789669,0.24,0,0,personal,0
56,340789,22.1,672,905231,0.02,0,0,business,0
48,71247,11.2,666,428510,0.42,1,0,personal,0
33,75839,9.3,729,731731,0.42,0,0,personal,0
50,182675,10.7,588,2037148,0.22,1,0,education,0
38,51365,9.9,512,315123,0.52,1,0,medical,1
46,84731,17.5,673,528371,0.58,1,0,home,0
42,166590,9.1,684,1503686,0.21,0,0,business,0
29,84659,3.3,787,967459,0.39,0,0,vehicle,0
31,105394,5.2,552,492254,0.5,1,0,medical,0
48,180692,20.2,758,1156689,0.18,2,0,vehicle,0
34,151312,11.2,850,1507027,0.09,0,0,personal,0
33,138968,6.9,628,1125215,0.29,2,0,business,1
28,99581,4.9,550,309285,0.31,2,0,business,0
42,147087,17.2,625,1217487,0.3,0,0,business,0
58,112105,8.3,661,433562,0.19,1,0,personal,0
27,154360,2.2,708,1096289,0.21,0,1,personal,0
38,91303,11.6,610,665693,0.06,0,0,medical,0
52,108536,23.3,792,1168068,0.28,0,0,business,0
37,69617,12.7,565,461209,0.53,1,0,business,1
42,117712,9.7,512,564361,0.36,0,1,personal,0
27,76818,1.5,754,331060,0.08,0,0,vehicle,0
42,65025,10,467,698532,0.16,0,0,business,0
36,138346,5,643,513279,0.19,2,0,business,0
47,134895,9.6,850,844265,0.43,1,0,education,0
49,184578,20,659,714636,0.61,2,0,business,0
63,94668,8.7,565,921407,0.12,1,0,personal,0
43,150193,16.8,655,1012860,0.34,0,0,home,0
41,162460,9.4,656,895388,0.38,2,0,personal,1
39,153257,10.8,674,859924,0.06,2,0,home,0
34,76202,3,716,801808,0.15,0,0,home,0
41,130274,8.1,572,981971,0.49,1,0,education,1
35,146609,3.2,803,1345677,0.04,0,0,personal,0
39,120475,15.6,681,1321657,0.11,2,0,personal,0
51,38089,22.2,722,419642,0.6,1,0,home,0
27,131074,3.3,607,692738,0.31,0,1,education,1
49,405201,8.9,769,3000000,0.15,2,0,business,0
51,98442,24.9,638,221372,0.2,0,0,business,0
36,80403,6.3,684,463793,0.36,1,0,personal,0
21,147353,0.3,581,1614692,0.48,0,0,home,0
31,142494,6,575,676329,0.47,0,0,home,0
50,231249,24.3,718,1093996,0.1,1,0,personal,0
37,60079,2.6,622,301970,0.26,0,0,home,0
28,179424,2.5,587,1457485,0.17,0,0,home,1
32,166039,9.7,605,1059881,0.15,0,0,business,0
46,110976,7,719,1028453,0.25,0,0,personal,0
43,144571,5.3,607,1582923,0.36,0,0,medical,0
35,211388,8.2,650,1847953,0.13,0,0,business,0
34,193885,10.5,661,784200,0.14,1,0,personal,0
34,63997,6.8,497,724882,0.23,0,0,home,0
28,188402,6.8,535,875114,0.5,2,0,personal,1
54,115806,21.3,689,405199,0.3,0,1,vehicle,0
34,124907,2.8,597,362189,0.12,0,0,medical,0
50,124930,25.3,750,953695,0.49,1,0,personal,0
53,110483,14.4,742,346654,0.24,0,0,business,0
47,231119,9.5,721,782975,0.27,0,0,medical,0
33,114600,7,815,573035,0.3,1,0,personal,0
42,64828,8,653,312246,0.15,0,0,home,0
37,96646,3.6,715,777265,0.12,0,0,medical,0
28,132393,1.2,610,1346100,0.04,2,0,vehicle,0
41,235936,9.8,850,2268170,0.03,0,0,business,0
26,167201,4.4,829,773279,0.37,0,0,business,0
49,75166,16,661,334722,0.21,0,0,personal,0
33,470759,11,693,3000000,0.02,1,0,personal,0
40,138812,7,776,289057,0.61,1,0,personal,0
40,242005,6.9,647,2612978,0.37,1,0,personal,0
35,110393,3.9,604,441272,0.21,0,0,personal,0
43,160909,6.1,734,1846084,0.57,0,0,personal,0
33,190414,4.5,667,1032629,0.36,0,0,business,0
46,234510,18.3,676,1501689,0.24,1,0,personal,0
24,214658,3.1,589,1947207,0.07,1,0,business,0
39,193872,15.8,514,1527070,0.23,0,0,education,0
57,100906,11.6,680,522632,0.25,0,0,home,0
27,87622,5.4,737,660522,0.17,0,0,education,0
31,144088,4.2,641,1341037,0.29,0,1,education,1
43,200480,5.3,782,485833,0.41,0,0,business,0
39,106165,14.4,600,224220,0.23,0,0,education,1
41,215581,12.5,570,1418667,0.07,2,0,business,0
42,266782,5.8,654,885280,0.13,0,0,home,0
44,72495,10.8,653,626606,0.63,0,0,personal,0
49,75731,10.2,725,313566,0.06,0,0,personal,0
42,111084,14.6,594,702996,0.28,1,0,personal,0
35,142121,7,776,565174,0.23,0,0,home,0
44,89925,20.2,827,673074,0.36,1,0,personal,0
56,252447,6.8,657,797867,0.26,1,0,education,0
36,151522,6.4,766,338056,0.23,0,0,business,0
28,122632,3.9,570,307968,0.45,1,0,personal,0
49,54475,14.6,751,628782,0.36,0,0,personal,0
36,58195,5.9,749,199193,0.25,0,0,personal,0
21,140057,0.7,733,1272387,0.28,2,0,medical,0
46,37135,19.8,659,99494,0.54,1,0,business,0
32,209441,9.7,409,645414,0.27,0,0,personal,1
37,110003,12.1,605,779785,0.47,0,0,personal,0
41,600000,15.7,607,3000000,0.48,1,0,personal,0
39,427026,10.2,577,3000000,0.14,1,0,personal,0
45,108603,18.2,670,1243326,0.13,1,0,education,0
33,113183,4.7,624,1108750,0.33,0,0,business,0
43,207486,9.9,590,1664249,0.49,0,0,business,0
35,306199,5.6,570,2005482,0.17,0,0,business,0
45,48744,11.9,599,271104,0.35,1,0,education,1
44,44925,8.4,755,515329,0.36,3,1,home,0
28,85232,6.6,604,684335,0.03,0,0,vehicle,0
48,165339,10.3,616,1288111,0.38,0,0,vehicle,0
32,157712,2.6,621,681160,0.17,0,0,personal,0
46,216127,13.5,689,533181,0.27,0,0,business,0
41,62032,4,699,710383,0.06,0,0,home,0
56,33569,8.2,401,172456,0.18,1,0,personal,1
35,192366,4.6,747,1236123,0.26,0,0,business,0
34,76095,6.7,782,239425,0.3,0,0,personal,0
37,39540,7.7,571,410000,0.2,2,0,vehicle,0
34,129967,9.9,577,295846,0.24,2,1,home,1
45,185627,16.7,622,1919366,0.36,0,0,personal,0
21,112209,0.4,596,381830,0.29,1,0,business,0
27,93286,2.7,679,1013612,0.11,1,0,personal,0
27,109930,2.6,495,1022099,0.09,2,0,business,1
47,97873,18.7,565,356914,0.44,1,0,business,0
55,57172,6.5,791,437833,0.37,0,1,personal,0
36,80997,2.5,581,415236,0.33,0,0,personal,0
36,159844,11.3,766,604583,0.26,1,0,personal,0
38,143225,8.7,690,1517014,0.18,1,0,home,0
49,131621,7,506,794363,0.16,2,0,personal,1
28,69419,2.5,714,415503,0.36,0,0,personal,0
40,108599,16.1,650,401693,0.15,0,0,vehicle,0
47,36238,20.3,621,211291,0.3,1,0,vehicle,0
43,132377,14.9,681,1418574,0.36,0,0,personal,0
39,263318,9.3,700,1482819,0.11,1,0,personal,0
48,53342,14.4,720,614288,0.23,1,1,medical,0
21,86941,0.8,760,996612,0.36,0,0,business,0
44,143811,19.8,695,496002,0.25,0,0,business,0
31,239022,3.3,543,901857,0.06,0,0,personal,0
21,93782,0.7,620,996597,0.52,1,1,personal,1
43,82003,6.6,850,486082,0.27,0,0,medical,0
51,40633,9.3,722,83043,0.02,2,0,home,1
36,127025,10,850,601936,0.5,2,0,business,0
47,368940,11.7,779,2942772,0.1,1,0,education,0
54,139776,27.3,681,1396734,0.26,0,0,home,0
51,118539,6.6,686,395196,0.25,0,0,home,0
54,143257,17.3,657,444872,0.34,0,1,vehicle,0
45,119270,19.8,512,1338320,0.45,0,0,business,0
38,76733,14.1,662,729845,0.18,0,0,home,0
21,188726,0.3,763,1490519,0.17,0,1,home,0
35,135865,6.1,609,1316786,0.17,2,0,vehicle,0
29,121168,5.3,695,761970,0.6,1,0,personal,0
59,70178,10.2,732,672625,0.42,1,0,home,1
36,245776,13.2,583,1405355,0.23,0,0,vehicle,0
39,172963,15,622,768119,0.17,0,0,home,0
43,88534,6.1,573,822493,0.13,0,0,business,0
38,208199,4.2,590,1290152,0.64,0,0,medical,0
54,91271,7.1,551,1078255,0.25,0,0,education,1
31,78053,8.7,583,428890,0.18,0,0,personal,1
39,79016,5.4,781,886344,0.49,0,0,vehicle,0
30,45304,4.4,582,513277,0.21,0,0,personal,1
24,155530,1.9,671,687214,0.24,1,0,education,0
31,43832,6.3,617,437540,0.15,0,0,education,0
37,61059,3.4,760,386549,0.18,2,0,business,0
33,38318,4,771,428213,0.25,1,0,education,0
31,114452,8.8,733,744080,0.25,0,0,business,0
23,110478,2.4,686,1043248,0.12,0,0,home,0
37,100264,11.8,640,668728,0.46,1,1,personal,1
22,67632,0.3,559,289330,0.29,1,0,personal,0
45,62977,9.5,825,251499,0.29,1,0,business,0
38,154918,10.6,595,968905,0.3,0,0,education,0
23,88649,1,716,847036,0.32,1,0,education,0
34,142806,11,750,1149690,0.3,0,1,business,0
30,73744,5.9,613,655311,0.13,2,0,home,0
41,132565,4.2,748,639396,0.4,2,0,education,0
51,245745,24.4,725,1674593,0.16,0,0,personal,0
21,165651,0.8,807,404843,0.55,0,0,vehicle,0
39,95647,3.9,620,973239,0.24,0,0,home,0
36,138234,8.4,551,1644836,0.33,0,0,personal,1
44,105122,8.7,617,637963,0.27,0,0,business,0
40,120521,8.5,678,254256,0.09,1,0,vehicle,0
30,100324,2.8,665,370991,0.16,1,0,business,0
34,109630,7.8,627,934625,0.2,0,0,business,0
30,134847,8.2,498,1095065,0.35,1,0,business,1
48,69487,14.1,700,686438,0.49,0,0,education,0
38,68632,3.7,828,311510,0.14,0,0,medical,0
57,55913,21.6,699,538796,0.15,0,0,vehicle,0
37,49767,6.6,712,441923,0.76,1,0,personal,0
30,61435,7.5,709,321191,0.05,1,0,home,0
22,131000,0.9,694,976589,0.3,0,0,medical,0
21,73439,0.3,739,255034,0.09,0,0,personal,0
22,159171,0.6,694,1038693,0.11,0,1,personal,0
40,122313,13.8,633,1322445,0.47,0,0,personal,0
43,40643,7.7,592,252471,0.31,0,0,medical,0
22,172040,1.4,639,1788471,0.33,0,0,personal,0
46,187435,7.6,687,1481211,0.15,1,1,personal,0
33,69468,4.9,633,272229,0.5,1,0,business,0
39,151199,9,687,1181025,0.43,0,0,business,0
54,74920,27.5,697,528923,0.27,2,1,personal,0
46,126623,20.9,731,758018,0.13,2,0,personal,0
35,59861,4.4,769,191334,0.52,0,0,home,0
29,44759,3.6,667,276033,0.1,2,0,vehicle,0
21,97217,0.3,549,265171,0.28,2,0,business,1
30,112106,5.1,631,334938,0.07,0,0,home,0
35,96425,7.1,664,593898,0.58,0,0,home,1
28,62569,6.2,504,316212,0.24,0,0,vehicle,1
36,96308,12.8,778,1083989,0.1,0,1,education,0
38,139157,7.5,672,801135,0.07,1,0,home,0
35,117073,7.4,692,1121393,0.44,2,0,business,1
31,132670,8.6,776,968819,0.17,1,0,medical,0
39,83007,13.6,606,750454,0.03,2,0,personal,0
42,228592,3.4,709,1051788,0.22,0,0,education,0
27,62840,2.6,651,717573,0.73,0,0,personal,0
52,156906,14.2,644,1145553,0.19,2,0,vehicle,1
37,229874,5.3,594,2370746,0.7,1,0,business,0
38,156333,5.2,802,883353,0.57,0,0,personal,0
45,107351,4.4,628,322280,0.34,1,0,education,0
40,89741,12,719,784078,0.15,3,0,business,0
47,212160,9,501,440783,0.36,0,0,medical,0
40,54864,3.7,760,370493,0.22,0,1,personal,0
31,70381,3.4,749,276458,0.32,1,0,home,0
41,96432,14.9,668,797855,0.14,0,0,business,0
26,237033,4.5,641,2795614,0.17,1,0,vehicle,0
39,147875,9.3,694,982486,0.37,0,0,personal,0
37,70462,7.5,850,716950,0.31,0,1,education,0
35,101172,12.5,510,716079,0.04,0,0,home,1
36,85594,4.6,726,595597,0.41,0,0,business,0
21,81216,0.3,583,918085,0.25,0,0,education,0
32,205589,4.3,658,2240850,0.14,2,0,medical,0
38,56432,4.9,639,556307,0.48,1,0,home,0
39,290709,7.9,624,1442660,0.23,0,0,business,0
27,189240,5.5,659,1409854,0.24,1,0,personal,0
50,218649,17.4,564,926847,0.4,1,0,education,1
29,93026,3.9,747,599010,0.21,1,0,medical,0
47,110501,21.7,507,756062,0.05,1,0,education,1
42,54558,4,706,562842,0.13,1,0,home,0
31,89921,3.3,632,985560,0.44,0,0,business,0
55,157433,19.1,560,967615,0.1,1,0,personal,0
26,244772,3.5,677,532880,0.34,1,0,home,0
47,65271,4.8,528,693030,0.31,1,0,business,1
48,98147,12.1,663,367343,0.34,0,0,business,0
31,110418,6.6,539,907506,0.25,0,0,home,1
51,55690,19.8,699,125286,0.13,1,1,business,0
35,166124,9,581,995924,0.21,2,0,medical,0
40,80584,7.5,622,955694,0.21,1,0,home,1
40,107773,4.3,685,324067,0.52,0,0,personal,0
36,93590,7.2,594,583714,0.4,0,1,vehicle,0
46,77739,6.2,655,394253,0.13,0,0,medical,0
45,119536,20.3,531,1320978,0.43,0,0,personal,1
21,106581,0.5,714,1139713,0.29,0,0,personal,0
51,97804,11.5,810,428087,0.5,1,0,vehicle,1
21,80386,0.7,850,226036,0.23,2,0,business,0
48,143055,14,668,1183263,0.41,0,1,personal,0
49,297967,10.6,727,1598202,0.56,0,0,vehicle,0
27,129597,5,509,1130195,0.4,0,1,home,1
33,207547,9.8,788,481758,0.5,0,0,education,0
26,55861,3.7,726,186240,0.38,1,0,vehicle,0
35,130877,2.7,619,1160057,0.38,1,0,personal,0
34,65624,7.6,765,270614,0.04,0,0,home,0
45,53260,17.1,638,563271,0.48,0,0,personal,0
51,79905,7.6,621,206627,0.13,1,1,education,1
51,231143,9.6,700,960358,0.32,0,1,business,0
32,202350,9.2,570,2425287,0.37,0,0,medical,0
35,137159,2.5,747,868321,0.47,0,0,medical,0
21,51651,0.7,570,466391,0.39,0,0,personal,0
29,107720,4.3,571,412205,0.18,1,1,home,1
47,141660,12.5,583,1147260,0.15,0,0,personal,0
54,132163,5.3,725,1223970,0.4,0,0,education,0
25,43528,3.6,608,223941,0.43,1,0,medical,1
32,73539,4.8,545,756641,0.28,0,0,business,0
37,115845,9,609,930719,0.13,1,0,home,0
40,161169,12.5,657,949484,0.23,0,0,personal,0
29,35860,5.8,560,271691,0.36,0,0,business,1
42,109763,18,562,852596,0.11,2,1,personal,0
33,129823,6.8,839,474549,0.33,0,0,education,0
37,191479,7.3,587,1154106,0.18,0,0,business,0
43,175662,18.8,633,954601,0.16,1,0,business,0
38,165324,10.8,629,993436,0.24,1,0,personal,0
33,77287,4.7,624,742814,0.47,3,0,education,0
36,42018,3.8,713,286789,0.38,0,0,personal,0
37,96671,12.6,741,1102355,0.33,0,0,personal,0
34,208177,5.6,634,1027721,0.74,0,0,home,0
35,258241,9.2,555,1589999,0.46,1,0,home,1
53,177380,15.8,768,1750664,0.25,1,0,home,0
43,151962,6.7,652,1133674,0.22,1,0,vehicle,0
35,147864,8.6,807,1104586,0.41,0,0,education,0
44,88378,4.6,469,223897,0.33,0,0,business,1
34,111716,6.2,677,668732,0.1,1,0,home,0
49,300510,15.4,823,1414602,0.15,0,0,personal,0
41,71456,9.6,630,856997,0.1,0,0,personal,1
36,291669,10.8,641,1482714,0.13,1,0,vehicle,0
42,100522,16.1,685,1090158,0.17,1,0,vehicle,0
22,248758,1.4,613,2179702,0.24,0,0,education,0
26,55354,1.1,633,299419,0.18,1,0,home,0
26,165627,1.7,631,1231494,0.19,1,1,personal,0
39,80019,10,607,832626,0.34,2,0,vehicle,0
55,55097,28.2,764,596903,0.25,0,0,education,0
60,135326,29.4,699,487707,0.49,0,0,home,0
44,209077,17.8,681,1128123,0.38,1,0,vehicle,0
43,75397,8.3,729,403542,0.35,0,0,home,0
21,52617,0.5,638,127357,0.41,0,0,home,0
32,114089,5.8,594,910701,0.12,0,0,vehicle,0
30,114366,2.6,609,1206356,0.37,1,0,personal,0
31,162239,1.9,660,943540,0.16,0,0,education,0
36,202303,13,570,1901721,0.49,0,0,education,1
33,116142,4.1,617,961308,0.28,0,0,home,0
21,332959,0.3,616,1916674,0.18,0,0,vehicle,0
45,135751,5.2,841,462992,0.53,1,0,vehicle,0
27,99182,5.6,424,901886,0.36,1,0,personal,1
40,49458,11.1,645,521567,0.22,0,0,home,1
58,103858,23.4,807,920031,0.55,0,0,business,0
28,99731,6.3,670,217292,0.57,1,0,personal,1
21,203499,0.4,724,847030,0.23,0,0,home,0
35,154757,8.8,668,417039,0.05,0,0,personal,0
49,62730,5.1,603,483263,0.23,2,0,medical,0
57,131925,10.4,469,1261833,0.37,1,0,home,1
25,173614,3.7,677,539209,0.21,0,0,vehicle,0
42,278080,15.1,594,2887410,0.11,0,0,business,0
33,195511,5.1,592,1477103,0.28,0,0,personal,0
36,182355,6.6,618,1622903,0.18,1,0,home,0
64,124032,23,808,1452913,0.42,1,0,personal,0
22,148571,0.3,850,421468,0.06,0,0,personal,0
40,238584,6.4,678,2627344,0.52,0,0,business,0
42,57654,6.5,620,188011,0.45,1,0,education,0
48,99018,9.1,560,587136,0.08,0,0,business,0
38,78459,12.9,700,824948,0.13,0,0,business,0
41,147825,7.3,812,1635320,0.24,0,0,personal,0
34,236067,4,639,1667510,0.52,1,0,education,0
40,86415,10.1,458,686226,0.16,0,0,home,0
34,32228,10.6,717,292678,0.21,0,0,education,0
44,95657,7.7,744,987906,0.42,1,0,medical,1
34,198324,2.9,525,637634,0.29,0,0,personal,0
41,161287,8.4,675,1629110,0.26,2,0,education,0
37,151865,11.4,698,1034620,0.13,0,0,medical,0
49,102873,15.5,654,669316,0.39,0,0,personal,0
37,59384,12.3,593,370497,0.51,0,1,business,0
21,159318,0.8,746,1129902,0.4,1,0,personal,0
50,75841,21.1,626,868418,0.26,0,0,education,0
28,398914,4.6,534,2984690,0.32,0,0,business,0
31,164230,5.4,486,1893863,0.2,1,0,medical,1
32,87194,2.1,767,331590,0.37,0,1,education,0
51,85732,26,712,792280,0.36,1,0,personal,0
21,114020,0.4,667,1154156,0.33,0,0,business,0
69,105190,12.6,623,924756,0.21,0,1,business,0
48,221794,17.3,615,1789705,0.25,0,0,medical,0
40,132956,7,569,1016864,0.18,0,0,medical,0
37,80246,9.5,623,851354,0.31,0,0,personal,1
40,339419,11.2,480,3000000,0.23,0,0,education,1
43,123299,10.6,597,397379,0.21,0,1,personal,0
44,183159,17.6,634,1920583,0.77,0,0,vehicle,0
43,85881,7.7,712,527368,0.04,0,0,home,0
38,146526,8.4,657,664784,0.34,0,1,personal,0
36,142395,8.4,728,1523297,0.08,0,0,medical,0
36,42444,9.8,775,268257,0.26,1,0,business,0
36,363541,11.2,750,3000000,0.41,0,0,education,0
49,244043,12.4,700,1130904,0.14,1,0,business,0
43,96451,13.9,661,196692,0.06,2,1,vehicle,0
21,65447,0.3,577,455157,0.34,1,0,education,1
44,145278,19.3,723,436166,0.16,1,0,personal,0
39,125861,7.9,803,1201187,0.12,0,0,education,0
37,145927,11.2,689,694722,0.22,1,0,personal,0
34,133334,2.3,823,858198,0.58,1,0,business,0
49,158527,8.5,530,455026,0.2,0,0,personal,0
47,266004,13.3,562,1294533,0.17,0,0,business,0
30,164013,7.6,733,1609772,0.21,1,0,vehicle,0
42,67369,11.4,682,236861,0.11,0,0,personal,0
28,253890,6.4,772,2150853,0.22,0,0,personal,0
24,295843,2,659,3000000,0.52,1,0,business,0
31,600000,5.4,586,3000000,0.12,1,0,business,0
46,64688,6.1,642,654010,0.13,0,0,personal,0
47,137150,19.2,530,423755,0.38,0,1,business,1
43,38181,7.4,564,172094,0.41,1,0,business,1
45,162670,19.5,743,1780486,0.48,0,0,medical,0
43,88764,18.1,734,812284,0.06,1,0,education,0
31,345636,8.9,691,2901800,0.2,1,1,education,0
42,78371,11.3,514,676943,0.4,0,0,medical,0
46,47391,16.2,630,291076,0.1,0,0,home,0
45,92601,17.4,556,226462,0.47,0,0,business,0
49,40487,7,760,398571,0.41,2,0,medical,0
45,181380,14.3,610,1593810,0.09,1,0,home,0
41,38540,3.7,568,259299,0.19,0,0,personal,0
48,121893,14,663,1340530,0.2,1,0,business,0
37,38271,4.4,606,205194,0.33,0,0,personal,0
29,100618,2.5,786,497377,0.22,1,0,home,0
36,296293,6.5,598,3000000,0.15,2,0,home,0
30,146328,4.5,541,1458872,0.54,0,0,education,1
