review,sentiment
Would not recommend this item. Review #112,Negative
"Five stars, completely satisfied. Review #74",Positive
Customer service was unhelpful. Review #125,Negative
Good value for money. Review #156,Positive
Excellent quality and fast delivery. Review #105,Positive
Waste of money and time. Review #145,Negative
Waste of money and time. Review #128,Negative
Good value for money. Review #125,Positive
Excellent quality and fast delivery. Review #69,Positive
Not worth the price. Review #201,Negative
Good value for money. Review #10,Positive
The quality is outstanding. Review #195,Positive
Customer service was unhelpful. Review #157,Negative
"I love this product, highly recommended. Review #85",Positive
Very disappointed with the purchase. Review #122,Negative
I regret buying this product. Review #139,Negative
Would not recommend this item. Review #246,Negative
Very useful and easy to use. Review #31,Positive
Waste of money and time. Review #67,Negative
Would not recommend this item. Review #159,Negative
The quality is awful. Review #241,Negative
Bad experience overall. Review #242,Negative
Bad experience overall. Review #31,Negative
Bad experience overall. Review #107,Negative
"Fantastic item, will buy again. Review #77",Positive
Would not recommend this item. Review #212,Negative
Would not recommend this item. Review #248,Negative
Excellent quality and fast delivery. Review #212,Positive
Works perfectly and exceeds expectations. Review #102,Positive
I regret buying this product. Review #85,Negative
The quality is awful. Review #226,Negative
Waste of money and time. Review #87,Negative
Would not recommend this item. Review #191,Negative
Excellent quality and fast delivery. Review #174,Positive
"Five stars, completely satisfied. Review #3",Positive
The product stopped working quickly. Review #84,Negative
Would not recommend this item. Review #160,Negative
Good value for money. Review #71,Positive
Very satisfied with my purchase. Review #210,Positive
Excellent quality and fast delivery. Review #64,Positive
Not worth the price. Review #135,Negative
"I love this product, highly recommended. Review #94",Positive
Very disappointed with the purchase. Review #236,Negative
Works perfectly and exceeds expectations. Review #186,Positive
The quality is outstanding. Review #34,Positive
Excellent quality and fast delivery. Review #78,Positive
Works perfectly and exceeds expectations. Review #1,Positive
"Fantastic item, will buy again. Review #12",Positive
I regret buying this product. Review #166,Negative
The quality is outstanding. Review #23,Positive
Good value for money. Review #73,Positive
"Five stars, completely satisfied. Review #183",Positive
Good value for money. Review #132,Positive
Customer service was unhelpful. Review #161,Negative
"I love this product, highly recommended. Review #194",Positive
Good value for money. Review #56,Positive
Very useful and easy to use. Review #149,Positive
Very useful and easy to use. Review #19,Positive
"Fantastic item, will buy again. Review #205",Positive
Very useful and easy to use. Review #79,Positive
The quality is awful. Review #245,Negative
Waste of money and time. Review #13,Negative
Customer service was unhelpful. Review #74,Negative
Not worth the price. Review #234,Negative
Amazing experience and great service. Review #80,Positive
Good value for money. Review #40,Positive
Bad experience overall. Review #202,Negative
Very useful and easy to use. Review #47,Positive
Excellent quality and fast delivery. Review #239,Positive
Customer service was unhelpful. Review #142,Negative
Not worth the price. Review #103,Negative
The quality is awful. Review #92,Negative
Not worth the price. Review #28,Negative
Would not recommend this item. Review #41,Negative
The quality is awful. Review #68,Negative
Very disappointed with the purchase. Review #55,Negative
Terrible quality and poor service. Review #19,Negative
Very satisfied with my purchase. Review #70,Positive
I regret buying this product. Review #206,Negative
The product stopped working quickly. Review #216,Negative
Amazing experience and great service. Review #155,Positive
"Fantastic item, will buy again. Review #83",Positive
The quality is awful. Review #228,Negative
Works perfectly and exceeds expectations. Review #173,Positive
The product stopped working quickly. Review #72,Negative
"Fantastic item, will buy again. Review #91",Positive
Very satisfied with my purchase. Review #181,Positive
Waste of money and time. Review #165,Negative
I regret buying this product. Review #63,Negative
I regret buying this product. Review #29,Negative
Terrible quality and poor service. Review #132,Negative
Bad experience overall. Review #223,Negative
Terrible quality and poor service. Review #113,Negative
Waste of money and time. Review #75,Negative
Bad experience overall. Review #182,Negative
I regret buying this product. Review #98,Negative
Very satisfied with my purchase. Review #87,Positive
Very satisfied with my purchase. Review #76,Positive
Customer service was unhelpful. Review #189,Negative
Excellent quality and fast delivery. Review #16,Positive
Good value for money. Review #250,Positive
Would not recommend this item. Review #184,Negative
The quality is outstanding. Review #20,Positive
Waste of money and time. Review #73,Negative
Waste of money and time. Review #83,Negative
"I love this product, highly recommended. Review #57",Positive
Terrible quality and poor service. Review #52,Negative
Very satisfied with my purchase. Review #230,Positive
The quality is awful. Review #82,Negative
"I love this product, highly recommended. Review #133",Positive
Very satisfied with my purchase. Review #138,Positive
Terrible quality and poor service. Review #174,Negative
Very disappointed with the purchase. Review #86,Negative
Good value for money. Review #26,Positive
Customer service was unhelpful. Review #215,Negative
Very disappointed with the purchase. Review #32,Negative
Very satisfied with my purchase. Review #248,Positive
"Five stars, completely satisfied. Review #238",Positive
Amazing experience and great service. Review #118,Positive
Very satisfied with my purchase. Review #43,Positive
"I love this product, highly recommended. Review #221",Positive
Works perfectly and exceeds expectations. Review #177,Positive
The product stopped working quickly. Review #71,Negative
Works perfectly and exceeds expectations. Review #154,Positive
Works perfectly and exceeds expectations. Review #232,Positive
Amazing experience and great service. Review #228,Positive
The quality is awful. Review #168,Negative
"Five stars, completely satisfied. Review #204",Positive
Works perfectly and exceeds expectations. Review #127,Positive
Customer service was unhelpful. Review #80,Negative
Amazing experience and great service. Review #32,Positive
Good value for money. Review #114,Positive
Very disappointed with the purchase. Review #221,Negative
The quality is awful. Review #22,Negative
"Five stars, completely satisfied. Review #141",Positive
"I love this product, highly recommended. Review #58",Positive
Very useful and easy to use. Review #193,Positive
Excellent quality and fast delivery. Review #25,Positive
Excellent quality and fast delivery. Review #18,Positive
Waste of money and time. Review #16,Negative
"Fantastic item, will buy again. Review #67",Positive
Amazing experience and great service. Review #209,Positive
Would not recommend this item. Review #230,Negative
"Five stars, completely satisfied. Review #95",Positive
I regret buying this product. Review #4,Negative
Waste of money and time. Review #17,Negative
Amazing experience and great service. Review #24,Positive
The quality is outstanding. Review #223,Positive
Waste of money and time. Review #12,Negative
Waste of money and time. Review #177,Negative
Very satisfied with my purchase. Review #6,Positive
Very satisfied with my purchase. Review #117,Positive
The quality is outstanding. Review #46,Positive
Very useful and easy to use. Review #17,Positive
Very disappointed with the purchase. Review #213,Negative
The quality is awful. Review #108,Negative
"I love this product, highly recommended. Review #4",Positive
Very useful and easy to use. Review #219,Positive
The quality is awful. Review #156,Negative
Good value for money. Review #61,Positive
Excellent quality and fast delivery. Review #111,Positive
Bad experience overall. Review #69,Negative
Not worth the price. Review #179,Negative
Excellent quality and fast delivery. Review #30,Positive
I regret buying this product. Review #188,Negative
Very disappointed with the purchase. Review #222,Negative
Works perfectly and exceeds expectations. Review #27,Positive
"Fantastic item, will buy again. Review #8",Positive
Waste of money and time. Review #204,Negative
The quality is outstanding. Review #109,Positive
"I love this product, highly recommended. Review #38",Positive
Amazing experience and great service. Review #158,Positive
I regret buying this product. Review #240,Negative
Amazing experience and great service. Review #119,Positive
"Fantastic item, will buy again. Review #115",Positive
Very satisfied with my purchase. Review #176,Positive
Not worth the price. Review #124,Negative
"Five stars, completely satisfied. Review #182",Positive
The quality is outstanding. Review #145,Positive
I regret buying this product. Review #120,Negative
Very disappointed with the purchase. Review #141,Negative
"Fantastic item, will buy again. Review #196",Positive
Customer service was unhelpful. Review #155,Negative
Bad experience overall. Review #26,Negative
Customer service was unhelpful. Review #205,Negative
"Five stars, completely satisfied. Review #142",Positive
Not worth the price. Review #116,Negative
Very satisfied with my purchase. Review #68,Positive
Very useful and easy to use. Review #211,Positive
Excellent quality and fast delivery. Review #169,Positive
Would not recommend this item. Review #244,Negative
Very disappointed with the purchase. Review #126,Negative
The product stopped working quickly. Review #151,Negative
Very disappointed with the purchase. Review #23,Negative
Very satisfied with my purchase. Review #110,Positive
The quality is outstanding. Review #249,Positive
"Five stars, completely satisfied. Review #146",Positive
Very satisfied with my purchase. Review #93,Positive
"Fantastic item, will buy again. Review #153",Positive
Would not recommend this item. Review #118,Negative
Customer service was unhelpful. Review #218,Negative
Very satisfied with my purchase. Review #84,Positive
Amazing experience and great service. Review #246,Positive
The quality is outstanding. Review #166,Positive
"Five stars, completely satisfied. Review #164",Positive
Excellent quality and fast delivery. Review #200,Positive
Very useful and easy to use. Review #229,Positive
Very satisfied with my purchase. Review #75,Positive
Would not recommend this item. Review #229,Negative
Not worth the price. Review #109,Negative
The product stopped working quickly. Review #1,Negative
Works perfectly and exceeds expectations. Review #120,Positive
I regret buying this product. Review #61,Negative
The quality is awful. Review #50,Negative
The product stopped working quickly. Review #6,Negative
Very disappointed with the purchase. Review #105,Negative
I regret buying this product. Review #150,Negative
Good value for money. Review #226,Positive
I regret buying this product. Review #104,Negative
Excellent quality and fast delivery. Review #235,Positive
Terrible quality and poor service. Review #133,Negative
Terrible quality and poor service. Review #25,Negative
Amazing experience and great service. Review #37,Positive
The quality is outstanding. Review #197,Positive
The quality is outstanding. Review #140,Positive
Customer service was unhelpful. Review #115,Negative
Excellent quality and fast delivery. Review #245,Positive
Not worth the price. Review #190,Negative
The quality is awful. Review #37,Negative
The quality is outstanding. Review #60,Positive
Good value for money. Review #112,Positive
The quality is outstanding. Review #90,Positive
The quality is awful. Review #187,Negative
Very satisfied with my purchase. Review #7,Positive
Terrible quality and poor service. Review #111,Negative
Not worth the price. Review #97,Negative
Not worth the price. Review #89,Negative
Good value for money. Review #159,Positive
Excellent quality and fast delivery. Review #151,Positive
Excellent quality and fast delivery. Review #178,Positive
Terrible quality and poor service. Review #144,Negative
Amazing experience and great service. Review #185,Positive
Waste of money and time. Review #200,Negative
Very useful and easy to use. Review #11,Positive
Would not recommend this item. Review #131,Negative
Good value for money. Review #104,Positive
Very satisfied with my purchase. Review #82,Positive
Works perfectly and exceeds expectations. Review #39,Positive
I regret buying this product. Review #65,Negative
Very useful and easy to use. Review #168,Positive
Very disappointed with the purchase. Review #220,Negative
Very disappointed with the purchase. Review #47,Negative
Bad experience overall. Review #225,Negative
"I love this product, highly recommended. Review #199",Positive
I regret buying this product. Review #48,Negative
The quality is awful. Review #167,Negative
Amazing experience and great service. Review #147,Positive
Very disappointed with the purchase. Review #143,Negative
Amazing experience and great service. Review #148,Positive
Waste of money and time. Review #198,Negative
Customer service was unhelpful. Review #38,Negative
Works perfectly and exceeds expectations. Review #124,Positive
I regret buying this product. Review #119,Negative
Amazing experience and great service. Review #97,Positive
The quality is outstanding. Review #144,Positive
Good value for money. Review #240,Positive
Terrible quality and poor service. Review #193,Negative
"I love this product, highly recommended. Review #98",Positive
Not worth the price. Review #158,Negative
"Fantastic item, will buy again. Review #123",Positive
"I love this product, highly recommended. Review #184",Positive
"Five stars, completely satisfied. Review #203",Positive
The quality is outstanding. Review #247,Positive
I regret buying this product. Review #56,Negative
Not worth the price. Review #49,Negative
The quality is awful. Review #102,Negative
Terrible quality and poor service. Review #137,Negative
The product stopped working quickly. Review #146,Negative
I regret buying this product. Review #35,Negative
Amazing experience and great service. Review #126,Positive
Not worth the price. Review #53,Negative
Excellent quality and fast delivery. Review #224,Positive
Very disappointed with the purchase. Review #169,Negative
The quality is outstanding. Review #220,Positive
Works perfectly and exceeds expectations. Review #130,Positive
Waste of money and time. Review #171,Negative
Not worth the price. Review #40,Negative
Very disappointed with the purchase. Review #195,Negative
The quality is awful. Review #127,Negative
Customer service was unhelpful. Review #42,Negative
Terrible quality and poor service. Review #106,Negative
The product stopped working quickly. Review #45,Negative
Not worth the price. Review #147,Negative
Would not recommend this item. Review #91,Negative
Excellent quality and fast delivery. Review #113,Positive
Amazing experience and great service. Review #180,Positive
I regret buying this product. Review #58,Negative
Not worth the price. Review #183,Negative
Very disappointed with the purchase. Review #238,Negative
Very disappointed with the purchase. Review #232,Negative
The product stopped working quickly. Review #173,Negative
"Five stars, completely satisfied. Review #234",Positive
Would not recommend this item. Review #62,Negative
Works perfectly and exceeds expectations. Review #165,Positive
The quality is outstanding. Review #137,Positive
"Fantastic item, will buy again. Review #198",Positive
I regret buying this product. Review #9,Negative
Works perfectly and exceeds expectations. Review #233,Positive
The quality is outstanding. Review #116,Positive
Excellent quality and fast delivery. Review #121,Positive
The product stopped working quickly. Review #100,Negative
"Five stars, completely satisfied. Review #225",Positive
Customer service was unhelpful. Review #153,Negative
Waste of money and time. Review #148,Negative
Very useful and easy to use. Review #128,Positive
Very disappointed with the purchase. Review #36,Negative
Very disappointed with the purchase. Review #162,Negative
Amazing experience and great service. Review #108,Positive
Not worth the price. Review #121,Negative
I regret buying this product. Review #76,Negative
Amazing experience and great service. Review #134,Positive
Not worth the price. Review #203,Negative
"Fantastic item, will buy again. Review #45",Positive
The product stopped working quickly. Review #211,Negative
Amazing experience and great service. Review #66,Positive
The product stopped working quickly. Review #34,Negative
"Five stars, completely satisfied. Review #86",Positive
"Fantastic item, will buy again. Review #243",Positive
"I love this product, highly recommended. Review #187",Positive
Very disappointed with the purchase. Review #134,Negative
Very satisfied with my purchase. Review #160,Positive
Amazing experience and great service. Review #13,Positive
"Fantastic item, will buy again. Review #36",Positive
Works perfectly and exceeds expectations. Review #29,Positive
"Fantastic item, will buy again. Review #171",Positive
Excellent quality and fast delivery. Review #143,Positive
Customer service was unhelpful. Review #149,Negative
Customer service was unhelpful. Review #93,Negative
Excellent quality and fast delivery. Review #222,Positive
The quality is outstanding. Review #96,Positive
Good value for money. Review #52,Positive
Good value for money. Review #241,Positive
Not worth the price. Review #235,Negative
Waste of money and time. Review #129,Negative
"Five stars, completely satisfied. Review #179",Positive
Amazing experience and great service. Review #42,Positive
Very disappointed with the purchase. Review #249,Negative
Terrible quality and poor service. Review #172,Negative
Excellent quality and fast delivery. Review #207,Positive
Terrible quality and poor service. Review #33,Negative
Not worth the price. Review #5,Negative
Bad experience overall. Review #163,Negative
Very satisfied with my purchase. Review #5,Positive
Would not recommend this item. Review #7,Negative
Customer service was unhelpful. Review #199,Negative
Good value for money. Review #101,Positive
Good value for money. Review #227,Positive
I regret buying this product. Review #180,Negative
Good value for money. Review #214,Positive
"I love this product, highly recommended. Review #172",Positive
Very satisfied with my purchase. Review #99,Positive
Customer service was unhelpful. Review #43,Negative
"Fantastic item, will buy again. Review #216",Positive
Works perfectly and exceeds expectations. Review #62,Positive
Very satisfied with my purchase. Review #48,Positive
Very useful and easy to use. Review #33,Positive
The product stopped working quickly. Review #18,Negative
Waste of money and time. Review #78,Negative
"Five stars, completely satisfied. Review #201",Positive
The product stopped working quickly. Review #197,Negative
"Fantastic item, will buy again. Review #28",Positive
Not worth the price. Review #175,Negative
The quality is outstanding. Review #231,Positive
The quality is awful. Review #11,Negative
The quality is awful. Review #39,Negative
Good value for money. Review #163,Positive
Waste of money and time. Review #176,Negative
"Five stars, completely satisfied. Review #139",Positive
"Five stars, completely satisfied. Review #63",Positive
"Five stars, completely satisfied. Review #136",Positive
Good value for money. Review #129,Positive
The quality is awful. Review #227,Negative
Works perfectly and exceeds expectations. Review #9,Positive
The product stopped working quickly. Review #77,Negative
The product stopped working quickly. Review #214,Negative
The quality is outstanding. Review #65,Positive
I regret buying this product. Review #51,Negative
Works perfectly and exceeds expectations. Review #15,Positive
Good value for money. Review #157,Positive
The quality is outstanding. Review #41,Positive
The product stopped working quickly. Review #130,Negative
Very disappointed with the purchase. Review #219,Negative
The quality is awful. Review #154,Negative
"Five stars, completely satisfied. Review #217",Positive
Terrible quality and poor service. Review #30,Negative
Bad experience overall. Review #185,Negative
Terrible quality and poor service. Review #181,Negative
The product stopped working quickly. Review #88,Negative
"I love this product, highly recommended. Review #237",Positive
The quality is outstanding. Review #208,Positive
Very satisfied with my purchase. Review #213,Positive
Not worth the price. Review #46,Negative
The product stopped working quickly. Review #208,Negative
Very disappointed with the purchase. Review #2,Negative
Waste of money and time. Review #239,Negative
The quality is awful. Review #237,Negative
Not worth the price. Review #54,Negative
The quality is awful. Review #101,Negative
Not worth the price. Review #20,Negative
"Fantastic item, will buy again. Review #202",Positive
Very useful and easy to use. Review #162,Positive
"I love this product, highly recommended. Review #44",Positive
"Five stars, completely satisfied. Review #218",Positive
Would not recommend this item. Review #152,Negative
Very useful and easy to use. Review #191,Positive
Terrible quality and poor service. Review #60,Negative
I regret buying this product. Review #10,Negative
The quality is outstanding. Review #106,Positive
Good value for money. Review #54,Positive
I regret buying this product. Review #140,Negative
Very useful and easy to use. Review #2,Positive
Would not recommend this item. Review #192,Negative
Waste of money and time. Review #233,Negative
"Fantastic item, will buy again. Review #50",Positive
Terrible quality and poor service. Review #170,Negative
"Fantastic item, will buy again. Review #81",Positive
Very satisfied with my purchase. Review #206,Positive
"Fantastic item, will buy again. Review #35",Positive
Customer service was unhelpful. Review #14,Negative
Not worth the price. Review #178,Negative
The product stopped working quickly. Review #117,Negative
Works perfectly and exceeds expectations. Review #92,Positive
Customer service was unhelpful. Review #90,Negative
Customer service was unhelpful. Review #224,Negative
The quality is outstanding. Review #53,Positive
Terrible quality and poor service. Review #96,Negative
The quality is awful. Review #15,Negative
The quality is outstanding. Review #242,Positive
Very satisfied with my purchase. Review #14,Positive
The quality is awful. Review #66,Negative
"Fantastic item, will buy again. Review #89",Positive
Not worth the price. Review #138,Negative
Terrible quality and poor service. Review #24,Negative
Amazing experience and great service. Review #167,Positive
Customer service was unhelpful. Review #79,Negative
Customer service was unhelpful. Review #243,Negative
The quality is outstanding. Review #135,Positive
Would not recommend this item. Review #57,Negative
Terrible quality and poor service. Review #231,Negative
Would not recommend this item. Review #70,Negative
"Fantastic item, will buy again. Review #244",Positive
Excellent quality and fast delivery. Review #55,Positive
I regret buying this product. Review #114,Negative
"I love this product, highly recommended. Review #51",Positive
Not worth the price. Review #207,Negative
"Five stars, completely satisfied. Review #175",Positive
Terrible quality and poor service. Review #196,Negative
"I love this product, highly recommended. Review #190",Positive
The product stopped working quickly. Review #247,Negative
Excellent quality and fast delivery. Review #188,Positive
"Five stars, completely satisfied. Review #170",Positive
Very useful and easy to use. Review #59,Positive
Very satisfied with my purchase. Review #49,Positive
Terrible quality and poor service. Review #95,Negative
Very useful and easy to use. Review #236,Positive
I regret buying this product. Review #3,Negative
Very useful and easy to use. Review #22,Positive
The product stopped working quickly. Review #64,Negative
Would not recommend this item. Review #210,Negative
Works perfectly and exceeds expectations. Review #161,Positive
The quality is awful. Review #27,Negative
The product stopped working quickly. Review #194,Negative
Good value for money. Review #192,Positive
Not worth the price. Review #136,Negative
Bad experience overall. Review #44,Negative
Terrible quality and poor service. Review #164,Negative
Customer service was unhelpful. Review #94,Negative
Bad experience overall. Review #8,Negative
Would not recommend this item. Review #59,Negative
Works perfectly and exceeds expectations. Review #150,Positive
Very useful and easy to use. Review #131,Positive
The quality is outstanding. Review #152,Positive
I regret buying this product. Review #110,Negative
Amazing experience and great service. Review #100,Positive
I regret buying this product. Review #123,Negative
The quality is outstanding. Review #88,Positive
Terrible quality and poor service. Review #209,Negative
Customer service was unhelpful. Review #81,Negative
"Fantastic item, will buy again. Review #215",Positive
Waste of money and time. Review #217,Negative
"I love this product, highly recommended. Review #122",Positive
The product stopped working quickly. Review #250,Negative
The quality is outstanding. Review #21,Positive
Very satisfied with my purchase. Review #189,Positive
Works perfectly and exceeds expectations. Review #72,Positive
Good value for money. Review #107,Positive
Bad experience overall. Review #21,Negative
Very disappointed with the purchase. Review #99,Negative
The product stopped working quickly. Review #186,Negative
Very useful and easy to use. Review #103,Positive
